"uniqid","yrint","yrborn","female","race","marital","educ","realrinc","health"
22500,1988,1961,1,1,1,16,22919,NA
13039,1982,1961,1,1,1,12,603,4
45558,2004,1973,0,3,1,13,19623.5,4
33514,1996,1960,0,1,1,13,32625,3
52820,2008,1974,1,1,1,12,29452.5,3
8779,1977,1938,1,2,1,12,8667,4
42020,2002,1955,1,1,1,13,28156.5,4
16225,1984,1954,1,1,5,16,8254,4
38070,1998,1936,0,1,1,12,16363,3
6632,1976,1927,0,1,1,11,25465,4
22944,1988,1917,1,1,2,8,4343,2
36960,1998,1966,1,3,1,13,11196,4
33115,1996,1955,0,1,1,16,92692,NA
51128,2008,1967,1,1,1,18,36146.25,NA
47954,2006,1980,0,1,5,16,7816.875,2
23686,1989,1945,1,1,5,19,25511,4
53716,2010,1973,1,1,3,12,19425,3
54314,2010,1988,0,1,5,14,19425,2
48764,2006,1976,0,3,4,11,25582.5,4
32990,1996,1959,0,2,1,18,32625,3
54252,2010,1966,1,1,1,16,23310,3
3647,1974,1936,0,2,1,13,43178,3
12882,1982,1918,0,1,1,15,97992,3
42412,2002,1969,1,1,2,12,20335.25,4
13201,1982,1949,1,1,1,20,16577,1
42985,2002,1947,1,1,1,12,7039.125,NA
3236,1974,1947,1,1,1,17,22206,4
36109,1998,1933,1,1,2,13,3100,3
49116,2006,1940,0,1,1,16,6395.625,3
50255,2006,1953,0,1,1,10,31267.5,3
41898,2002,1980,0,3,5,13,2815.65,3
11126,1980,1930,0,1,1,9,13595,3
13499,1982,1921,1,1,1,9,4220,3
31347,1994,1961,1,1,1,16,21010,4
39670,2000,1934,0,2,1,13,29925,2
41974,2002,1934,1,1,4,13,51620.25,NA
38166,2000,1934,0,1,1,16,36575,3
50273,2006,1978,1,1,1,12,1989.75,3
50942,2006,1959,0,1,1,13,25582.5,3
15072,1983,1960,0,1,1,11,12779,NA
13165,1982,1953,0,2,1,12,10850,4
12040,1980,1915,0,1,1,10,24547,3
29777,1994,1969,1,1,1,16,24830,4
22368,1988,1958,0,1,1,16,36189,NA
9262,1978,1946,0,1,1,12,20355,NA
43123,2002,1952,1,1,1,13,2815.65,2
32092,1994,1950,0,2,1,11,34380,2
30422,1994,1937,1,1,1,12,10505,3
28728,1993,1963,1,2,1,14,14738,NA
49604,2006,1964,0,1,1,16,159292.27,4
15252,1983,1933,1,1,1,13,2272,NA
43270,2002,1941,0,1,1,16,42234.75,3
33143,1996,1958,0,1,3,11,23563,4
11693,1980,1916,0,1,1,12,32100,3
30009,1994,1951,1,1,3,12,17954,NA
50677,2006,1968,1,1,3,13,10659.375,4
18648,1986,1955,0,2,5,20,45866,NA
37062,1998,1947,1,1,1,15,18947,3
19874,1986,1961,0,1,3,16,14015,NA
44929,2004,1965,0,1,4,12,6792.75,3
5378,1975,1914,1,2,1,12,7782,4
20621,1987,1939,1,2,3,12,27500,3
40683,2000,1951,1,1,5,14,21612,NA
20754,1987,1937,1,1,1,18,23750,4
39405,2000,1956,0,1,1,16,66500,3
21754,1987,1947,0,2,3,12,13750,4
26856,1991,1952,0,1,1,20,45959,3
48887,2006,1980,0,2,5,18,13501.875,2
36182,1998,1927,1,1,1,13,6201,3
25127,1990,1941,1,1,1,12,4879,4
13813,1982,1960,0,2,5,11,2411,4
5101,1975,1941,1,1,1,12,27793,4
47711,2006,1969,1,1,1,16,25582.5,3
10889,1980,1940,1,1,3,13,16994,3
50976,2006,1969,0,1,3,12,25582.5,3
15097,1983,1930,0,1,1,15,48277,NA
19157,1986,1948,1,1,4,11,9173,NA
19212,1986,1942,0,1,1,10,28029,NA
47056,2006,1964,0,3,1,18,25582.5,3
30937,1994,1946,0,1,1,16,34380,3
37250,1998,1977,0,1,5,14,14641,4
15120,1983,1944,0,1,1,10,18459,NA
10829,1980,1933,1,1,1,12,16994,2
14972,1983,1957,1,1,1,12,12779,NA
36446,1998,1947,1,1,3,12,22392,3
12770,1982,1926,0,1,1,11,19591,4
24052,1989,1964,1,1,4,16,19713,4
17235,1985,1958,1,1,1,16,22432,4
7145,1976,1946,1,1,1,12,15279,4
10848,1980,1939,0,1,1,12,56647,4
24880,1989,1921,1,1,3,8,6958,3
18693,1986,1954,0,1,5,12,14015,NA
11746,1980,1931,1,2,3,18,5287,3
6137,1976,1948,0,1,1,16,25465,4
47231,2006,1958,0,1,1,12,15633.75,3
32596,1996,1943,1,1,1,18,48938,4
19802,1986,1959,1,1,1,12,11466,NA
17200,1985,1950,1,1,3,12,14515,4
16768,1984,1932,1,1,1,12,2201,4
29084,1993,1968,0,1,1,12,14738,3
18457,1985,1957,1,1,1,16,3695,4
54265,2010,1952,0,1,3,15,3367,2
20379,1987,1931,0,1,1,18,92594,4
44989,2004,1974,0,1,1,14,3320.9,3
40320,2000,1966,0,1,2,13,54862,3
5566,1975,1948,1,1,1,9,1112,3
19791,1986,1943,0,1,1,12,38222,NA
28165,1993,1934,1,1,1,16,25545,NA
14643,1983,1916,1,1,1,16,568,NA
35026,1996,1952,1,1,1,14,4713,3
12552,1982,1958,0,1,5,16,28030,3
45455,2004,1945,0,1,1,5,12830.75,NA
38205,2000,1980,0,1,5,12,7481,4
8297,1977,1956,0,1,5,12,3852,2
9530,1978,1936,0,1,1,10,38449,NA
31206,1994,1959,1,1,3,14,28650,NA
6107,1976,1938,0,1,1,10,25465,3
26233,1990,1933,0,1,1,20,33266,NA
31905,1994,1966,0,1,1,19,24830,4
43474,2002,1976,1,1,5,19,10167.625,NA
15543,1983,1938,1,1,1,12,568,NA
25610,1990,1971,0,1,5,12,1774,NA
3557,1974,1918,0,1,3,8,30841,2
21841,1987,1945,1,2,3,12,9000,3
46694,2006,1965,1,1,4,13,38373.75,4
43390,2002,1965,1,3,1,16,234366.65,NA
41244,2002,1957,1,1,1,14,23463.75,4
10077,1978,1947,0,1,1,12,42068,NA
50034,2006,1970,1,1,1,12,2558.25,4
50221,2006,1953,1,1,3,14,18476.25,4
41426,2002,1971,0,1,5,18,23463.75,3
17594,1985,1962,1,1,1,12,6861,4
28762,1993,1928,1,2,2,9,5895,2
24837,1989,1962,1,1,1,15,12756,4
19389,1986,1948,0,2,1,12,28029,NA
6051,1975,1952,0,1,5,13,7782,3
28212,1993,1942,1,3,1,0,2751,2
15415,1983,1910,0,1,2,12,6248,NA
30361,1994,1961,0,3,5,5,6876,3
47162,2006,1965,0,2,1,14,38373.75,NA
33794,1996,1964,1,1,5,13,8156,NA
30817,1994,1944,1,1,1,12,382,NA
39133,2000,1970,1,1,4,12,18287,4
16521,1984,1944,0,1,1,16,33016,4
17007,1984,1945,0,1,5,14,12381,4
9860,1978,1942,1,1,5,12,16284,NA
30692,1994,1960,0,1,1,14,21010,3
29897,1994,1956,1,2,1,14,21010,NA
23225,1988,1929,0,2,1,8,18094,NA
21782,1987,1955,1,2,3,11,11250,2
14516,1983,1956,0,1,3,10,12779,NA
20471,1987,1964,0,1,5,16,7500,4
8250,1977,1949,1,1,5,15,8667,3
19624,1986,1927,0,1,1,16,45866,NA
20110,1987,1959,0,2,5,12,13750,3
21976,1988,1960,0,3,3,14,22919,4
52652,2008,1982,1,1,1,12,17403.75,NA
50371,2006,1960,0,2,1,12,18476.25,3
32595,1996,1965,1,1,5,13,8156,4
17899,1985,1948,1,1,1,12,22432,4
50524,2006,1971,1,1,3,13,6395.625,NA
5650,1975,1913,0,1,1,16,27793,4
18527,1985,1932,1,1,1,12,17154,4
23268,1988,1967,1,1,5,14,1930,4
4694,1975,1920,0,2,1,5,50027,4
36867,1998,1950,1,1,1,16,31005,3
38504,2000,1956,0,1,4,14,29925,4
31703,1994,1935,0,1,3,12,14325,3
17536,1985,1950,0,1,1,12,19793,3
21652,1987,1960,1,2,1,12,16250,4
9539,1978,1955,1,1,5,12,8142,NA
53512,2010,1970,0,1,5,15,5827.5,2
47342,2006,1986,1,1,5,12,3126.75,NA
30329,1994,1959,1,1,3,13,1528,3
8236,1977,1954,1,1,3,12,6741,3
25037,1990,1922,0,1,1,12,1774,2
32502,1996,1936,0,1,3,14,23563,3
38181,2000,1971,1,1,5,8,7481,3
14466,1983,1962,0,2,5,12,12779,NA
7951,1977,1941,1,1,1,12,21669,3
39655,2000,1958,0,1,1,15,36575,4
43819,2004,1971,1,1,5,16,49813.5,3
28042,1993,1949,0,1,1,16,53055,4
47855,2006,1977,0,3,5,20,46901.25,3
47459,2006,1943,0,2,1,12,38373.75,4
30483,1994,1962,1,1,3,12,14325,NA
29673,1994,1964,0,1,5,10,382,2
25067,1990,1968,1,2,5,14,7984,3
5107,1975,1924,1,1,1,12,16676,3
8961,1977,1936,0,1,1,14,31299,4
26471,1991,1969,1,1,5,15,3760,3
14561,1983,1943,1,1,5,18,21299,NA
48251,2006,1965,0,1,1,12,25582.5,NA
50720,2006,1960,0,1,1,16,159292.27,4
46213,2004,1961,1,1,2,9,11321.25,NA
24744,1989,1954,0,1,1,10,10436,3
9850,1978,1954,1,2,4,11,3619,NA
47967,2006,1951,1,3,1,2,9238.125,3
13925,1982,1945,1,2,4,11,603,2
26901,1991,1942,0,3,5,13,27158,4
24158,1989,1949,0,3,4,3,464,3
30533,1994,1956,1,1,3,16,34380,NA
53314,2010,1953,1,1,5,17,28490,NA
5879,1975,1945,0,1,1,13,20011,4
42703,2002,1970,1,1,1,12,14860.375,NA
14217,1983,1924,0,1,1,14,12779,NA
34969,1996,1961,1,2,5,12,9969,4
24294,1989,1921,1,1,2,15,464,NA
4116,1974,1927,1,1,1,16,22206,2
22810,1988,1937,0,1,1,12,36189,NA
23909,1989,1953,0,1,1,16,34788,NA
45569,2004,1953,1,1,1,14,27171,NA
33814,1996,1954,1,2,3,16,13594,4
13407,1982,1956,1,1,3,10,9042,3
53152,2010,1959,1,1,1,16,72520,4
36795,1998,1934,0,1,1,0,12918,3
14873,1983,1947,1,2,3,10,15619,NA
42724,2002,1956,0,1,1,20,28156.5,3
45459,2004,1937,0,1,1,16,40756.5,NA
22265,1988,1962,1,1,1,12,10857,NA
17266,1985,1948,1,1,1,11,5806,2
8085,1977,1940,0,1,1,12,36114,3
37415,1998,1953,1,2,3,16,31005,3
23373,1989,1949,1,1,5,16,19713,NA
20556,1987,1959,1,1,5,16,16250,4
49840,2006,1953,0,1,1,12,18476.25,4
23702,1989,1961,0,1,5,11,12756,3
22318,1988,1957,1,1,1,12,1930,NA
5519,1975,1914,0,1,1,11,50027,3
5132,1975,1907,0,1,1,14,4447,3
36055,1998,1960,0,1,1,14,25837,3
34935,1996,1931,1,1,1,7,6525,3
22567,1988,1945,0,1,1,14,31364,NA
27857,1993,1952,0,2,1,13,14738,4
11207,1980,1926,0,1,1,10,20770,3
14853,1983,1959,1,1,1,17,18459,NA
29972,1994,1956,0,1,4,13,34380,4
25901,1990,1950,1,1,1,17,24395,4
39154,2000,1961,1,1,3,16,10806,4
35199,1996,1966,1,1,1,17,15406,3
3338,1974,1948,0,1,1,16,30841,4
5542,1975,1906,0,1,1,10,27793,2
29729,1994,1974,1,2,5,12,1528,3
28425,1993,1951,1,1,1,14,1572,3
24372,1989,1957,0,1,3,12,8349,3
19304,1986,1956,0,2,1,4,14015,NA
39517,2000,1962,0,1,5,12,44887,2
12055,1980,1959,1,1,5,7,3021,4
24478,1989,1953,1,1,3,12,12756,2
31686,1994,1953,0,1,1,12,28650,4
50022,2006,1972,0,1,1,12,21318.75,3
21189,1987,1946,1,1,1,14,5500,3
33577,1996,1932,1,1,1,15,15406,NA
43416,2002,1941,1,1,1,15,23463.75,NA
52129,2008,1959,0,1,1,12,480144.47,3
16669,1984,1948,0,1,1,12,20635,4
49823,2006,1976,1,1,5,10,4263.75,3
8780,1977,1944,0,1,1,16,36114,3
13682,1982,1935,0,2,4,10,36167,2
8075,1977,1933,1,1,1,8,10594,2
46152,2004,1939,0,1,1,18,40756.5,NA
48012,2006,1972,1,1,3,17,9238.125,2
39144,2000,1972,0,1,5,13,5985,4
44083,2004,1964,1,1,1,16,33209,NA
18231,1985,1926,0,1,1,8,11876,1
18964,1986,1948,0,1,1,12,21659,NA
44099,2004,1961,1,1,1,14,9811.75,NA
54761,2010,1986,0,1,5,11,16835,2
47074,2006,1969,1,1,1,17,25582.5,4
26984,1991,1931,0,1,2,12,22980,4
6423,1976,1908,0,1,1,16,4074,4
47442,2006,1956,0,3,1,12,10659.375,3
23983,1989,1941,1,1,3,14,10436,3
47116,2006,1959,0,1,1,12,18476.25,NA
54637,2010,1969,1,1,1,13,19425,2
20113,1987,1941,0,1,5,20,32500,3
44736,2004,1952,0,1,5,16,33209,4
38527,2000,1954,1,1,1,12,15793,4
12873,1982,1953,1,1,1,12,16577,4
50977,2006,1944,0,1,3,12,10659.375,2
7720,1977,1950,1,2,5,13,12520,3
52603,2008,1947,1,1,1,12,1071,NA
34971,1996,1947,1,2,2,12,13594,2
29654,1994,1966,0,1,1,16,34380,NA
34730,1996,1977,1,1,5,12,363,3
23753,1989,1958,1,1,1,12,464,3
35691,1998,1971,0,3,1,14,31005,4
17908,1985,1935,1,1,5,16,19793,1
21689,1987,1941,0,2,1,9,21250,3
32808,1996,1977,1,1,5,13,3988,NA
31370,1994,1940,1,1,1,12,1528,4
23704,1989,1941,0,1,5,14,30150,3
48914,2006,1977,1,2,5,14,9238.125,4
51715,2008,1974,0,3,5,12,29452.5,NA
29195,1993,1951,0,1,1,16,43230,3
51638,2008,1964,0,1,1,12,17403.75,3
27307,1991,1956,1,1,1,12,9401,4
40755,2000,1969,0,1,4,12,134018,3
18112,1985,1932,0,1,1,16,24543,2
36383,1998,1963,1,2,5,18,22392,4
35400,1998,1958,0,1,3,13,22392,4
20210,1987,1928,1,2,1,9,4500,3
13647,1982,1942,0,2,4,8,4220,2
39146,2000,1961,1,1,1,13,9143,4
30668,1994,1959,1,1,1,11,14325,NA
47048,2006,1947,0,1,1,17,159292.27,4
27196,1991,1932,1,2,1,14,15668,NA
39322,2000,1958,0,1,3,14,29925,NA
15091,1983,1920,1,1,2,12,18459,NA
15465,1983,1957,1,1,1,12,7384,NA
46784,2006,1957,0,3,3,9,31267.5,2
24654,1989,1962,1,1,1,12,6030,2
33848,1996,1953,1,1,3,17,32625,3
19657,1986,1929,1,1,1,20,38222,NA
27459,1991,1962,1,1,1,16,15668,NA
43858,2004,1946,0,1,1,12,19623.5,NA
17306,1985,1940,0,1,1,13,44863,3
15052,1983,1957,1,2,5,12,8520,NA
29844,1994,1970,0,1,5,14,14325,NA
44332,2004,1945,1,1,3,15,19623.5,NA
46585,2006,1944,0,3,1,16,18476.25,3
38426,2000,1927,1,1,3,18,44887,4
22206,1988,1937,1,1,1,16,13269,2
51092,2008,1950,0,1,4,12,10040.625,3
4118,1974,1924,0,1,1,8,43178,4
45186,2004,1978,0,3,5,3,11321.25,NA
52362,2008,1971,1,1,4,20,480144.47,4
26495,1991,1965,1,2,5,15,22980,NA
15966,1984,1921,0,1,5,18,33016,2
13200,1982,1910,1,1,5,14,603,4
51584,2008,1979,0,1,5,12,14726.25,3
47443,2006,1949,1,1,4,0,9238.125,2
52605,2008,1969,0,1,3,11,4819.5,1
41298,2002,1955,1,1,3,14,62570,4
42652,2002,1938,1,1,1,17,3441.35,3
13805,1982,1937,1,2,1,10,22605,3
10747,1980,1953,1,1,5,18,20770,4
37472,1998,1942,0,1,1,20,150054,4
25782,1990,1958,0,1,1,13,103206,4
28891,1993,1923,1,1,1,12,16703,NA
5058,1975,1953,1,1,5,11,1112,3
26574,1991,1961,1,1,1,14,15668,NA
19521,1986,1945,1,1,1,12,6625,NA
38574,2000,1970,0,1,5,12,14131,4
45085,2004,1975,1,1,4,11,1207.6,NA
14725,1983,1947,0,1,1,13,21299,NA
35250,1996,1948,1,1,5,17,32625,NA
16773,1984,1957,0,1,5,12,33016,3
44763,2004,1955,1,1,1,14,134008.44,NA
31388,1994,1945,0,1,1,20,42020,2
13214,1982,1954,0,1,5,13,16577,3
44356,2004,1975,1,2,1,12,3924.7,NA
23682,1989,1966,0,1,5,15,5102,4
38178,2000,1969,1,3,1,20,21612,4
40486,2000,1966,1,1,1,14,2992,4
38631,2000,1976,0,2,5,10,29925,3
30993,1994,1958,1,1,3,20,14325,NA
18513,1985,1951,1,1,3,12,14515,2
51490,2008,1977,0,1,1,17,29452.5,2
54326,2010,1938,0,1,1,18,1036,3
11764,1980,1949,0,1,3,13,35121,4
24959,1990,1942,1,1,1,18,21068,4
33916,1996,1974,0,1,1,12,32625,4
52110,2008,1977,0,1,1,14,2945.25,4
35158,1996,1962,1,1,1,13,11781,3
30080,1994,1964,1,1,3,12,10505,3
25424,1990,1963,0,1,5,14,33266,3
53569,2010,1966,0,1,1,18,72520,3
31130,1994,1955,1,2,1,18,24830,2
4680,1975,1942,0,1,1,12,38910,3
25396,1990,1953,1,1,1,14,9980,4
21548,1987,1962,0,2,5,14,5500,3
48709,2006,1956,1,3,3,20,79590,3
22436,1988,1969,0,1,5,11,3378,4
30158,1994,1944,1,1,1,18,24830,NA
46201,2004,1983,0,1,5,11,5434.2,NA
16925,1984,1951,1,1,1,11,8254,2
13538,1982,1945,0,1,1,13,97992,4
35910,1998,1946,0,1,1,16,31005,3
38812,2000,1963,1,1,1,18,24937,3
7075,1976,1940,1,2,4,12,13242,4
8636,1977,1928,0,1,1,15,40930,2
38737,2000,1973,1,3,5,16,7481,4
53871,2010,1955,0,1,3,15,1813,1
21879,1988,1959,1,1,1,16,22919,4
37399,1998,1949,1,2,3,15,4478,4
7105,1976,1946,1,1,4,11,7130,3
7357,1976,1933,0,1,1,19,81652,4
18699,1986,1932,1,2,4,9,14015,NA
3371,1974,1936,1,1,1,13,16038,3
28342,1993,1958,0,1,3,12,1572,4
26353,1991,1968,0,1,5,12,13579,4
22097,1988,1964,0,1,5,14,26538,3
11474,1980,1946,0,2,1,12,13595,4
24171,1989,1952,1,1,1,16,51023,NA
32959,1996,1954,1,1,5,20,92692,NA
40262,2000,1944,1,1,1,16,24937,3
53553,2010,1961,0,1,1,14,51800,3
44921,2004,1964,1,3,1,10,9811.75,4
7438,1976,1917,0,1,1,16,81652,4
20755,1987,1951,0,1,1,15,37500,3
50750,2006,1965,0,1,3,14,13501.875,3
41271,2002,1969,0,1,1,16,51620.25,4
4042,1974,1953,0,1,1,11,11103,2
12712,1982,1935,0,1,1,10,25619,4
11323,1980,1961,1,1,5,12,3021,3
25945,1990,1961,1,1,1,12,3992,3
6815,1976,1919,0,1,1,8,13242,2
16899,1984,1914,1,1,2,5,3852,1
32168,1994,1958,1,1,1,12,24830,4
42958,2002,1969,0,1,3,12,14860.375,4
23780,1989,1964,0,1,5,17,15075,4
28437,1993,1941,1,1,1,12,10808,3
35301,1998,1971,1,3,3,11,7751,3
32029,1994,1938,0,1,1,16,97684,3
11840,1980,1959,0,1,5,14,28323,4
39182,2000,1957,1,3,1,9,5985,3
51250,2008,1928,0,3,1,14,8701.875,3
37424,1998,1972,1,1,5,16,18947,4
25177,1990,1926,0,1,1,12,33266,4
7805,1977,1943,0,1,1,18,36114,4
5911,1975,1939,1,1,3,12,1112,4
35182,1996,1964,0,3,5,13,9969,NA
35653,1998,1960,0,1,1,17,37895,3
20918,1987,1942,0,2,5,12,27500,2
20914,1987,1929,0,1,1,12,37500,3
19823,1986,1958,1,1,1,13,7644,NA
52397,2008,1926,0,1,1,18,480144.47,3
49185,2006,1963,0,1,1,10,10659.375,2
24936,1990,1936,0,1,1,16,103206,3
35898,1998,1954,1,3,1,12,9473,4
26680,1991,1956,1,3,4,12,13579,NA
11021,1980,1944,0,1,1,12,24547,4
24862,1989,1948,0,1,1,16,80690,4
22775,1988,1960,1,1,5,16,10857,NA
40077,2000,1977,1,3,1,14,15793,3
41371,2002,1978,1,1,1,13,8603.375,3
47974,2006,1974,1,3,5,12,18476.25,3
41757,2002,1949,0,1,1,11,28156.5,3
16405,1984,1953,1,1,3,14,8254,3
30463,1994,1961,0,1,1,16,42020,3
37179,1998,1951,0,1,3,11,31005,4
8141,1977,1947,0,1,1,13,36114,3
33575,1996,1948,0,1,1,12,11781,NA
20406,1987,1961,0,1,5,18,18750,3
31401,1994,1972,1,1,5,13,4202,2
52165,2008,1961,0,3,4,12,10040.625,NA
4246,1974,1937,1,1,1,13,11103,3
13325,1982,1957,1,1,3,13,9042,4
31063,1994,1958,0,1,5,12,17954,NA
28818,1993,1967,0,1,1,13,10808,3
39742,2000,1969,1,2,5,16,18287,4
23274,1988,1968,1,1,5,13,483,3
22168,1988,1947,0,1,1,20,83666,4
17646,1985,1965,0,1,5,11,5806,4
25900,1990,1960,1,1,3,12,9980,3
17524,1985,1953,1,1,3,14,6861,4
7482,1976,1916,0,1,3,12,1019,2
40980,2002,1982,0,1,5,9,312.85,NA
47920,2006,1971,0,1,1,12,21318.75,NA
18091,1985,1913,0,1,5,13,96036,4
27059,1991,1929,0,1,1,11,15668,3
30179,1994,1963,1,1,1,15,382,4
24528,1989,1966,0,1,1,10,5102,3
49689,2006,1969,0,3,1,16,31267.5,3
46117,2004,1960,1,2,1,14,11321.25,NA
44180,2004,1960,0,1,3,14,27171,NA
5379,1975,1912,0,2,1,13,20011,3
19268,1986,1959,1,1,5,15,24207,NA
47416,2006,1960,1,2,5,12,18476.25,4
52606,2008,1955,0,1,1,12,7363.125,NA
35661,1998,1953,0,1,1,19,150054,2
13807,1982,1948,1,2,1,12,19591,3
10404,1978,1929,0,1,1,12,33926,NA
34469,1996,1965,1,1,3,19,27188,4
40473,2000,1941,1,1,1,12,14131,4
54198,2010,1968,0,1,3,13,51800,3
41469,2002,1966,0,1,1,14,51620.25,NA
5717,1975,1945,0,1,5,12,16676,3
40547,2000,1936,1,1,1,12,1330,4
10846,1980,1941,0,1,1,16,35121,3
13219,1982,1955,0,1,1,16,16577,3
10043,1978,1952,1,1,5,16,20355,NA
52951,2008,1981,0,1,1,16,10040.625,3
5423,1975,1931,0,1,1,12,16676,3
19880,1986,1965,1,2,5,14,4587,NA
23236,1988,1944,0,1,1,13,26538,NA
13712,1982,1932,1,2,4,16,6631,4
13398,1982,1920,0,1,1,12,7836,2
41262,2002,1983,1,2,5,12,312.85,NA
35154,1996,1945,0,1,1,16,48938,3
9102,1977,1936,1,1,1,12,14446,3
40023,2000,1978,0,1,5,15,2992,3
30631,1994,1938,0,1,1,18,42020,3
46720,2006,1955,0,2,1,13,38373.75,3
32721,1996,1958,0,2,3,17,19938,4
46800,2006,1983,1,2,5,13,6395.625,3
38310,2000,1933,0,1,5,20,36575,NA
41520,2002,1972,0,1,5,12,11731.875,2
8042,1977,1944,0,1,1,19,40930,4
42925,2002,1937,0,1,5,12,20335.25,3
14719,1983,1957,0,1,1,12,18459,NA
3866,1974,1951,1,1,5,14,11103,3
26675,1991,1969,1,1,5,12,13579,3
29227,1993,1957,0,1,1,10,25545,NA
40005,2000,1952,0,1,1,18,54862,3
34193,1996,1949,0,1,1,15,15406,NA
48591,2006,1975,1,1,5,16,15633.75,4
13364,1982,1941,1,1,1,12,16577,3
53603,2010,1973,1,1,5,16,23310,NA
10475,1978,1912,0,1,1,16,16284,NA
45825,2004,1970,0,1,3,10,19623.5,3
52404,2008,1950,1,1,1,12,8701.875,NA
25314,1990,1950,0,1,1,16,24395,NA
7984,1977,1940,0,1,1,18,72229,4
8066,1977,1927,1,1,1,10,3852,4
41324,2002,1971,1,1,5,9,10167.625,3
26973,1991,1950,0,1,4,12,13579,NA
33820,1996,1972,0,1,4,15,1450,3
19911,1986,1946,1,1,3,11,4587,NA
46060,2004,1972,1,1,2,14,301.9,2
39526,2000,1976,0,1,1,12,24937,4
41700,2002,1969,0,1,5,16,42234.75,4
6200,1976,1924,0,1,1,11,25465,3
12308,1982,1933,0,1,1,12,28030,4
22194,1988,1925,1,1,1,12,3378,NA
37954,1998,1977,0,1,5,14,2411,4
31723,1994,1950,0,1,5,12,34380,4
17151,1985,1963,0,1,5,12,11876,4
16141,1984,1959,1,1,1,16,20635,4
48536,2006,1960,0,1,3,11,12080.625,3
8198,1977,1921,1,1,1,11,3852,3
16788,1984,1926,0,1,1,11,15132,2
18944,1986,1961,0,1,5,17,3567,NA
9131,1978,1934,0,1,1,12,38449,NA
26299,1991,1969,0,1,5,14,1671,NA
4693,1975,1932,1,1,1,12,7782,3
3192,1974,1908,1,1,3,11,4935,2
33140,1996,1956,0,1,3,12,19938,4
53084,2010,1986,0,1,5,17,9712.5,4
22391,1988,1967,0,1,5,12,10857,4
33404,1996,1936,1,1,2,12,19938,4
41823,2002,1950,1,1,1,16,14860.375,4
30921,1994,1961,1,1,1,12,8595,NA
11869,1980,1959,0,1,5,12,16994,3
19340,1986,1931,1,1,2,12,38222,NA
54630,2010,1969,0,1,1,13,51800,4
29467,1994,1950,0,1,1,19,97684,4
41495,2002,1968,1,1,1,12,10167.625,4
36167,1998,1951,0,1,1,12,16363,2
41834,2002,1958,0,1,1,12,20335.25,NA
19816,1986,1921,0,1,1,12,24207,NA
8357,1977,1931,0,1,1,16,72229,4
13339,1982,1957,1,1,5,15,603,4
18337,1985,1943,1,1,1,13,7917,3
37865,1998,1968,0,1,1,17,16363,3
25201,1990,1966,0,1,5,15,7984,3
15979,1984,1962,0,1,5,12,2201,3
26567,1991,1961,0,2,5,12,418,3
36220,1998,1964,1,1,5,15,14641,3
35023,1996,1935,1,1,2,12,13594,NA
10105,1978,1926,0,1,1,20,67851,NA
52385,2008,1955,0,1,5,15,4016.25,NA
34856,1996,1946,1,1,1,14,19938,3
38819,2000,1953,0,1,3,12,29925,3
21659,1987,1954,1,2,5,10,4500,3
28110,1993,1958,0,1,1,12,14738,4
36364,1998,1974,1,1,5,12,3100,3
24417,1989,1947,1,1,1,14,80690,3
44290,2004,1964,1,1,1,12,22642.5,3
14398,1983,1928,0,1,2,8,26411,NA
50520,2006,NA,1,2,3,15,15633.75,NA
13178,1982,1951,1,1,3,12,13563,4
22633,1988,1921,0,1,3,16,15682,4
51580,2008,1982,1,3,5,14,24097.5,NA
27339,1991,1963,1,3,3,7,3760,2
26307,1991,1931,0,1,1,12,11490,NA
41909,2002,1976,0,1,3,12,4692.75,2
13455,1982,1949,1,1,3,12,13563,3
35480,1998,1972,0,1,5,13,12918,4
24214,1989,1965,0,1,5,16,12756,4
52752,2008,1956,1,1,3,16,53550,4
10607,1978,1941,0,1,1,9,29402,NA
19790,1986,1958,0,1,5,19,16563,NA
46498,2004,1955,1,1,4,8,5434.2,2
51114,2008,1951,0,1,1,15,480144.47,3
25497,1990,1948,0,1,5,18,33266,1
7348,1976,1935,0,1,1,10,25465,2
3407,1974,1925,1,1,1,12,13570,4
25342,1990,1930,0,1,1,14,28830,2
32674,1996,1949,1,1,1,17,8156,NA
52569,2008,1972,1,1,3,19,36146.25,3
5134,1975,1927,0,1,1,12,50027,3
19663,1986,1921,0,1,1,16,33125,NA
41029,2002,1949,1,1,3,17,42234.75,4
31751,1994,1963,0,1,5,18,21010,NA
38831,2000,1956,1,1,1,12,10806,4
16220,1984,1958,0,1,1,13,33016,4
9536,1978,1952,0,1,5,16,24879,NA
16904,1984,1914,0,1,1,11,46773,3
14060,1983,1921,0,1,1,9,15619,NA
25618,1990,1950,0,1,5,12,3992,NA
8957,1977,1956,1,1,5,12,3852,3
16860,1984,1952,0,2,1,7,9905,4
54996,2010,1957,1,1,1,17,28490,NA
50475,2006,1978,1,2,5,15,18476.25,3
38354,2000,1951,0,1,4,20,44887,3
7391,1976,1955,0,1,5,12,7130,3
13318,1982,1935,0,3,3,15,16577,4
41159,2002,1968,0,2,3,12,14860.375,3
44360,2004,1968,0,2,5,14,27171,NA
32021,1994,1944,0,1,3,7,3438,2
14644,1983,1940,1,1,4,12,6248,NA
11422,1980,1918,1,1,5,8,8308,3
41158,2002,1969,0,3,3,13,23463.75,NA
40002,2000,1957,1,1,1,14,29925,4
27373,1991,1962,1,1,4,15,19846,3
32666,1996,1944,0,3,1,16,27188,3
4702,1975,1946,0,2,5,12,20011,3
4091,1974,1948,1,1,1,16,13570,4
51864,2008,1954,1,1,5,18,44178.75,NA
5002,1975,1933,0,1,1,7,14452,3
23660,1989,1954,0,1,1,12,17394,3
33741,1996,1934,0,1,1,19,48938,NA
36695,1998,1958,0,2,2,12,25837,3
49273,2006,1975,0,1,1,12,38373.75,3
34432,1996,1934,1,1,3,20,9969,3
38879,2000,1944,0,1,5,16,134018,NA
26123,1990,1961,1,2,1,12,3105,NA
44892,2004,1967,1,1,3,13,12830.75,3
27360,1991,1970,1,1,1,15,2925,NA
12436,1982,1952,0,1,1,15,28030,2
32623,1996,1956,1,1,1,15,4713,3
40274,2000,1977,0,1,5,15,15793,3
34262,1996,1947,0,1,1,11,5438,NA
31573,1994,1935,1,1,3,10,6876,3
49332,2006,1957,1,1,1,12,13501.875,3
19455,1986,1962,1,1,5,16,5606,NA
31926,1994,1971,0,1,5,14,21010,NA
31165,1994,1944,1,1,3,12,10505,3
36477,1998,1958,0,3,1,13,150054,3
29602,1994,1914,0,1,2,16,17954,2
52680,2008,1986,1,1,5,13,267.75,3
3993,1974,1936,0,1,1,9,22206,4
22005,1988,1932,0,1,1,14,53077,NA
19709,1986,1942,1,1,1,12,14015,NA
7376,1976,1941,0,1,1,12,18335,3
21677,1987,1954,0,2,3,12,13750,3
35624,1998,1954,0,1,3,12,68900,3
44265,2004,1974,1,2,1,16,6792.75,3
38052,1998,1954,1,1,3,18,22392,3
38233,2000,1943,1,1,3,12,21612,NA
28215,1993,1952,1,1,3,12,16703,3
18060,1985,1936,0,1,1,18,96036,3
21606,1987,1952,0,2,3,11,4500,2
44606,2004,1968,0,3,1,14,27171,NA
18902,1986,1923,0,1,1,12,33125,NA
9547,1978,1936,0,1,1,12,3619,NA
19667,1986,1930,1,1,2,12,7644,NA
13649,1982,1960,1,2,5,11,2411,3
4444,1974,1935,0,1,1,2,30841,3
49410,2006,1981,0,1,5,8,21318.75,2
16063,1984,1938,0,1,1,12,87058,4
12593,1982,1915,1,1,2,18,10850,2
53208,2010,1987,0,1,5,14,4662,NA
33301,1996,1958,0,1,1,20,92692,4
30399,1994,1940,0,1,1,16,97684,NA
31984,1994,1965,1,1,1,14,14325,3
21200,1987,1951,0,1,1,16,13750,4
48975,2006,1942,0,1,1,16,38373.75,4
40418,2000,1968,1,1,1,12,15793,3
25857,1990,1955,1,1,1,18,1774,3
38906,2000,1970,0,1,5,12,54862,2
43980,2004,1961,1,1,5,13,22642.5,NA
43666,2002,1961,0,1,5,12,2815.65,3
44907,2004,1970,1,1,1,20,22642.5,3
50509,2006,1965,0,2,1,12,18476.25,4
7996,1977,1943,0,2,1,12,17335,2
26732,1991,1965,0,2,5,12,31336,4
4804,1975,1926,0,1,1,12,75863,2
49144,2006,1970,1,1,1,16,2558.25,3
25046,1990,1942,1,1,1,14,16633,3
13509,1982,1954,1,1,1,19,22605,4
21340,1987,1969,1,1,5,12,2000,4
31020,1994,1951,1,1,5,11,34380,3
20717,1987,1932,1,1,1,12,9000,3
54434,2010,1977,0,1,5,15,23310,NA
28773,1993,1954,1,1,5,18,25545,2
39220,2000,1972,0,1,5,14,29925,4
3154,1974,1935,0,1,1,14,43178,4
48910,2006,1952,1,1,1,14,31267.5,3
31988,1994,1971,0,1,5,14,14325,4
30946,1994,1950,0,1,3,10,12415,NA
54133,2010,1967,0,1,1,15,16835,3
5796,1975,1921,0,1,1,16,75863,4
22830,1988,1958,0,2,1,14,18094,3
41642,2002,1967,1,1,1,12,13296.125,NA
43538,2002,1940,0,1,1,12,42234.75,4
40795,2000,1962,0,1,3,12,18287,2
43305,2002,1949,1,1,1,16,2189.95,4
40241,2000,1956,1,1,5,16,29925,NA
14733,1983,1953,0,1,3,12,18459,NA
49418,2006,1959,0,1,3,14,15633.75,NA
18289,1985,1950,0,1,1,14,31668,4
14462,1983,1955,1,1,5,12,10223,NA
22803,1988,1943,0,1,3,12,36189,NA
54874,2010,1952,1,1,1,12,11007.5,3
37319,1998,1959,0,1,1,12,14641,2
29516,1994,1959,0,1,1,12,42020,3
12301,1982,1952,0,1,5,16,51237,4
53506,2010,1964,0,1,1,17,62160,NA
32164,1994,1966,1,1,1,12,6876,2
21368,1987,1950,0,1,1,12,32500,4
38761,2000,1975,1,1,5,12,14131,3
13778,1982,1963,0,2,5,11,603,4
52360,2008,1951,1,1,1,14,36146.25,NA
53332,2010,1986,0,1,5,16,1036,NA
43424,2002,1969,0,2,1,10,23463.75,NA
31882,1994,1969,0,1,1,12,12415,NA
52580,2008,1973,1,1,3,15,20081.25,3
17864,1985,1958,1,1,1,6,2111,4
34387,1996,1957,1,1,3,18,3988,1
30540,1994,1959,0,1,1,16,24830,3
32797,1996,1942,0,1,1,16,32625,4
46478,2004,1960,1,1,1,16,16604.5,3
37462,1998,1964,0,1,1,16,18947,4
29898,1994,1963,1,2,1,13,2674,4
36483,1998,1976,1,1,1,14,14641,3
53209,2010,1961,0,1,5,14,8417.5,3
42093,2002,1928,1,1,2,12,5631.3,4
29929,1994,1974,0,1,5,13,382,4
44138,2004,1954,0,1,1,20,134008.44,3
51951,2008,1964,0,1,5,10,24097.5,NA
34832,1996,1963,0,1,3,13,6525,3
10991,1980,1950,1,1,1,16,20770,4
15364,1983,1951,0,1,1,16,12779,NA
26791,1991,1958,0,1,5,11,17757,3
14157,1983,1960,1,1,5,16,3976,NA
22893,1988,1950,0,1,1,12,26538,NA
52222,2008,1975,0,1,1,18,29452.5,3
51163,2008,1947,0,1,1,12,1874.25,2
27275,1991,1951,1,1,1,16,3760,3
44505,2004,1960,0,1,4,10,16604.5,4
53660,2010,1971,0,1,4,15,42735,NA
38285,2000,1958,0,1,1,10,24937,3
21669,1987,1936,1,2,2,13,13750,3
14848,1983,1940,1,1,1,16,8520,NA
19945,1986,1927,1,1,2,8,9173,NA
40872,2000,1936,1,1,3,20,2327,3
6058,1975,1917,0,1,1,9,27793,4
4820,1975,1935,0,1,1,18,50027,4
4243,1974,1911,0,1,5,14,43178,3
4672,1975,1950,0,1,1,14,7782,3
24430,1989,1961,1,3,1,10,464,3
24440,1989,1935,0,1,1,17,41746,NA
15541,1983,1931,1,1,1,12,8520,NA
6558,1976,1950,0,1,5,17,11205,3
4176,1974,1916,1,1,1,12,4935,4
30047,1994,1965,1,2,4,15,24830,NA
53248,2010,1966,0,2,5,12,19425,NA
16366,1984,1959,0,1,1,12,2201,3
34929,1996,1975,0,1,5,11,9969,3
4377,1974,1943,0,1,1,12,30841,4
40726,2000,1961,0,1,1,13,21612,3
45232,2004,1969,0,1,3,13,12830.75,3
25092,1990,1955,0,1,1,15,39919,4
13190,1982,1932,0,1,1,6,16577,4
50958,2006,1970,1,3,1,11,10659.375,3
43960,2004,1984,0,3,5,14,2717.1,NA
30881,1994,1959,1,1,3,12,12415,NA
50806,2006,1971,0,3,5,15,7816.875,3
19566,1986,1935,1,1,4,14,33125,NA
15498,1983,1923,0,1,1,16,48277,NA
35914,1998,1964,1,3,1,16,37895,4
20703,1987,1947,1,1,1,18,27500,3
29156,1993,1954,1,1,1,13,8843,3
54621,2010,1968,0,1,5,14,28490,NA
18226,1985,1924,0,1,1,12,96036,3
6472,1976,1934,1,1,1,10,4074,3
21230,1987,1958,1,1,1,12,18750,3
34225,1996,1945,0,1,1,15,15406,4
19150,1986,1947,0,1,1,16,28029,NA
11581,1980,1943,1,1,3,12,13595,4
43345,2002,1942,1,1,3,18,20335.25,3
21480,1987,1953,1,1,1,12,27500,2
44113,2004,1949,1,2,5,13,16604.5,NA
50658,2006,1961,0,1,3,13,25582.5,4
17710,1985,1945,1,1,5,12,22432,3
44287,2004,1976,0,1,5,12,16604.5,NA
47867,2006,1967,0,1,1,16,46901.25,3
4868,1975,1911,0,1,1,12,20011,2
8577,1977,1950,1,1,1,12,6741,3
30275,1994,1937,0,2,3,9,21010,2
6723,1976,1943,0,1,1,18,35651,3
41364,2002,1962,0,1,5,16,34413.5,3
14340,1983,1944,0,1,1,12,26411,NA
19160,1986,1959,1,2,5,12,11466,NA
5690,1975,1951,0,1,1,18,20011,4
37920,1998,1963,0,1,5,14,37895,3
39094,2000,1951,1,1,1,16,15793,NA
29181,1993,1965,0,1,5,13,25545,NA
14347,1983,1941,1,1,1,12,12779,NA
12819,1982,1928,0,1,1,16,28030,3
12236,1982,1944,0,1,1,12,51237,3
22754,1988,1927,0,1,1,12,3378,3
16436,1984,1945,1,1,1,12,7153,3
36951,1998,1949,0,1,3,15,37895,3
38940,2000,1947,0,1,3,12,24937,4
30094,1994,1960,0,3,1,15,42020,4
53887,2010,1969,1,1,1,20,51800,2
51874,2008,1957,0,1,1,12,36146.25,4
46388,2004,1952,0,1,3,12,14340.25,NA
42650,2002,1964,1,1,5,15,23463.75,NA
46106,2004,1971,1,1,3,14,27171,NA
11987,1980,1935,0,1,1,9,56647,2
4612,1975,1941,0,1,1,16,38910,3
14416,1983,1960,0,1,5,11,12779,NA
6088,1975,1953,0,1,5,15,4447,4
8385,1977,1952,0,1,1,16,17335,4
25175,1990,1962,1,1,1,16,1774,NA
27932,1993,1963,1,1,1,14,18471,NA
22815,1988,1922,1,1,2,11,15682,4
26301,1991,1943,0,1,1,19,111284,NA
33415,1996,1960,0,1,3,15,19938,NA
33778,1996,1953,0,1,1,14,48938,3
33732,1996,1963,1,2,1,16,19938,4
19608,1986,1958,1,1,4,11,7644,NA
27991,1993,1957,0,2,5,17,29475,3
46410,2004,1970,1,3,4,16,27171,4
9474,1978,1953,0,2,1,12,20355,NA
53135,2010,1967,1,2,1,16,16835,2
12121,1982,1941,0,1,1,9,22605,3
15386,1983,1935,0,1,3,15,12779,NA
43266,2002,1938,1,1,1,12,2189.95,2
18556,1985,1946,1,1,3,15,6861,3
40043,2000,1976,0,1,5,16,21612,3
4907,1975,1927,1,1,2,12,27793,4
45927,2004,1969,0,1,1,10,8302.25,2
34426,1996,1948,0,1,4,14,32625,3
45430,2004,1984,0,1,5,11,1207.6,3
11814,1980,1926,1,1,3,12,32100,3
11582,1980,1941,1,2,1,13,8308,3
37601,1998,1978,1,1,1,13,7751,4
48105,2006,1970,1,1,3,13,18476.25,4
44638,2004,1949,1,1,1,12,12830.75,3
52328,2008,1975,1,1,1,11,12718.125,3
35081,1996,1930,0,1,1,12,9969,4
4746,1975,1921,0,1,2,12,20011,3
54990,2010,1978,0,1,3,14,23310,NA
53009,2008,1985,0,2,5,11,11379.375,4
3437,1974,1954,0,1,5,13,16038,3
38079,1998,1957,1,1,1,18,18947,4
51886,2008,1968,0,1,1,11,10040.625,NA
39066,2000,1949,1,1,1,18,134018,4
16162,1984,1955,1,1,3,14,25587,4
49353,2006,1960,1,1,3,15,38373.75,4
12451,1982,1933,0,1,1,13,9042,3
3352,1974,1940,1,1,1,11,16038,2
27016,1991,1944,1,1,4,14,13579,3
9696,1978,1934,1,1,1,16,20355,NA
17020,1984,1951,1,3,1,12,12381,3
22398,1988,1928,1,1,1,16,31364,3
7127,1976,1903,0,1,2,7,45837,3
47882,2006,1977,1,1,5,12,15633.75,3
51425,2008,1944,0,1,3,16,17403.75,NA
20056,1986,1949,0,1,3,12,14015,NA
36089,1998,1959,0,1,1,8,22392,2
22028,1988,1969,0,1,5,11,483,3
53147,2010,1960,1,1,5,13,34965,2
15880,1984,1938,1,1,1,12,550,4
44642,2004,1954,1,1,1,12,9811.75,NA
12429,1982,1939,0,2,1,12,22605,3
15594,1984,1948,1,2,1,13,46773,4
14552,1983,1946,1,1,1,16,3976,NA
10532,1978,1949,0,1,1,12,13570,NA
17895,1985,1960,0,1,1,12,11876,3
23941,1989,1950,1,1,3,17,22032,3
6610,1976,1943,1,1,1,14,7130,3
45576,2004,1960,0,3,1,20,40756.5,NA
9600,1978,1955,1,3,5,16,16284,NA
42339,2002,1946,0,1,1,14,34413.5,2
47113,2006,1970,1,3,1,12,7816.875,3
30555,1994,1936,0,1,1,11,51570,NA
52804,2008,1979,1,2,1,13,1071,NA
34770,1996,1936,1,1,1,16,3263,4
52647,2008,1967,0,1,3,12,24097.5,NA
40037,2000,1955,1,1,5,14,29925,3
7289,1976,1915,1,1,1,8,1019,2
18284,1985,1932,1,1,1,13,5806,3
8971,1977,1930,0,1,3,8,26484,2
47913,2006,1955,1,1,1,12,31267.5,4
47026,2006,1987,1,3,5,11,1137,2
43854,2004,1946,0,1,1,12,60380,4
32980,1996,1954,1,1,1,13,9969,3
7687,1977,1950,0,1,4,14,21669,4
16336,1984,1947,0,1,5,17,20635,2
32647,1996,1942,1,1,3,16,8156,3
33216,1996,1935,0,1,3,16,48938,3
15567,1983,1952,0,1,1,12,12779,NA
21308,1987,1962,1,2,1,13,9000,4
13375,1982,1957,1,1,5,16,10850,3
54926,2010,1969,0,2,1,12,8417.5,3
36510,1998,1979,1,1,5,11,2411,3
43910,2004,1953,0,3,1,6,4528.5,NA
10010,1978,1954,0,2,5,16,42068,NA
40774,2000,1959,1,1,3,12,5985,2
18502,1985,1948,1,3,1,10,3695,3
38912,2000,1953,0,1,5,17,29925,3
42575,2002,1981,1,1,5,14,1251.4,4
50348,2006,1949,0,1,1,16,46901.25,4
33268,1996,1972,1,1,5,16,15406,4
12083,1980,1914,0,1,1,8,6798,3
16348,1984,1947,1,1,1,12,9905,3
36876,1998,1947,0,1,1,13,22392,3
48982,2006,1968,1,1,1,14,15633.75,NA
7566,1976,1953,0,1,5,12,7130,4
41622,2002,1978,1,1,5,12,1251.4,2
15830,1984,1951,1,1,1,17,17884,3
26669,1991,1949,1,1,5,16,19846,NA
36640,1998,1942,0,1,3,13,31005,3
20060,1987,1921,1,1,2,18,45000,4
6446,1976,1938,0,1,1,17,45837,4
41538,2002,1946,0,1,1,18,51620.25,3
45595,2004,1940,0,1,1,14,3924.7,NA
8181,1977,1940,0,1,1,19,21669,4
49423,2006,1960,1,1,1,13,18476.25,3
14087,1983,1948,1,2,5,13,18459,NA
5791,1975,1941,0,1,1,12,27793,3
8896,1977,1943,0,1,1,12,31299,3
3623,1974,1934,0,1,1,12,30841,3
43814,2004,1970,1,1,1,18,33209,NA
39170,2000,1978,1,3,1,11,4987,NA
53407,2010,1957,1,1,1,16,23310,NA
20157,1987,1960,0,1,5,12,21250,3
46183,2004,1968,1,1,1,16,16604.5,4
10422,1978,1918,1,1,3,15,6333,NA
21540,1987,NA,1,2,4,12,5500,3
45076,2004,1963,0,1,3,13,49813.5,4
25102,1990,1954,0,1,3,14,28830,NA
24145,1989,1962,0,1,1,11,17394,NA
13082,1982,1907,1,2,3,7,2411,4
31233,1994,1942,0,1,1,16,24830,4
52737,2008,1953,1,1,1,10,10040.625,1
6158,1976,1946,1,1,1,12,1019,4
31810,1994,1949,0,1,3,13,24830,3
28114,1993,1950,1,1,1,12,393,3
6121,1976,1924,0,1,1,13,13242,2
26360,1991,1954,1,2,5,13,31336,3
6452,1976,1918,0,1,1,16,25465,3
43244,2002,1969,0,1,5,13,20335.25,4
47102,2006,1964,0,1,1,14,25582.5,NA
42518,2002,1946,0,1,1,16,34413.5,3
11023,1980,1956,0,1,5,12,16994,4
23700,1989,1951,1,1,1,12,5102,2
23360,1989,1963,0,1,5,16,80690,NA
51322,2008,1945,0,1,5,13,36146.25,NA
32379,1994,1945,1,1,5,12,17954,3
39575,2000,1981,1,3,5,11,1330,4
18551,1985,1962,0,1,1,17,4750,4
49488,2006,1952,1,3,3,8,25582.5,2
20973,1987,1950,1,1,1,19,2000,4
32527,1996,1963,1,1,5,16,23563,3
24652,1989,1909,0,1,2,11,41746,3
15888,1984,1944,1,1,3,14,9905,4
5934,1975,1937,0,1,1,11,20011,4
38797,2000,1981,0,1,5,11,2992,4
7350,1976,1920,1,1,1,10,9167,3
25228,1990,1932,0,1,1,16,103206,3
51537,2008,1960,1,1,1,12,1874.25,3
7106,1976,1943,0,1,1,16,35651,4
41215,2002,1969,1,1,1,20,234366.65,4
30339,1994,1952,0,1,1,14,17954,2
18927,1986,1966,1,1,5,11,4587,NA
27838,1993,1957,0,1,5,12,5109,3
36916,1998,1968,0,1,5,17,18947,4
42850,2002,1950,0,2,3,15,42234.75,2
50949,2006,1942,1,1,1,12,6395.625,3
17515,1985,1930,0,1,1,16,96036,2
30952,1994,1960,0,1,1,12,16235,4
26008,1990,1946,1,1,1,13,14415,4
52108,2008,1958,1,1,5,16,1071,NA
21360,1987,1958,1,1,3,16,18750,3
36058,1998,1966,0,1,5,12,14641,3
17231,1985,1960,0,1,1,12,17154,4
23856,1989,1934,0,1,3,16,80690,3
27478,1991,1952,1,1,1,14,15668,4
52790,2008,1974,1,1,1,12,17403.75,NA
18718,1986,1943,0,1,3,10,28029,NA
17256,1985,1953,1,2,5,12,19793,3
36024,1998,1954,0,1,1,20,37895,3
12877,1982,1921,1,2,4,6,7836,2
6970,1976,1948,1,1,1,16,15279,4
35522,1998,1953,1,1,1,14,7751,3
53197,2010,1985,0,3,5,9,7122.5,NA
18212,1985,1959,0,1,1,12,31668,3
32512,1996,1955,1,1,1,12,8156,NA
25574,1990,1962,0,1,1,9,24395,2
49810,2006,1960,1,1,3,12,6395.625,3
5914,1975,1952,1,1,1,12,20011,3
9500,1978,1942,0,1,1,18,24879,NA
36760,1998,1970,1,1,5,16,31005,4
25868,1990,1964,1,1,1,17,12197,NA
23486,1989,1947,0,1,4,15,30150,NA
49089,2006,1985,1,1,5,14,7816.875,4
52972,2008,1957,0,1,1,12,53550,4
49648,2006,1982,1,1,1,16,5116.5,3
27825,1993,1964,1,1,1,18,35370,4
9939,1978,1942,0,1,1,14,33926,NA
34448,1996,1948,1,1,3,12,32625,NA
10608,1978,1944,0,1,5,10,29402,NA
9933,1978,1957,1,2,5,10,6333,NA
33259,1996,1975,0,2,5,12,17038,3
26016,1990,1922,1,1,2,12,3992,NA
15595,1984,1944,1,2,1,16,23386,NA
35856,1998,1968,1,1,1,16,31005,3
5349,1975,1933,0,1,3,14,16676,2
52487,2008,1955,1,1,3,18,20081.25,NA
26437,1991,1922,1,1,2,12,418,4
37502,1998,1967,1,1,5,20,31005,3
13542,1982,1938,0,1,1,7,22605,4
34203,1996,1962,1,1,5,19,15406,3
15301,1983,1958,0,1,1,10,26411,NA
44748,2004,1972,1,2,5,20,9811.75,4
21973,1988,1962,0,3,5,18,6273,4
5853,1975,1918,0,1,1,11,27793,3
42930,2002,1943,0,3,3,14,4067.05,2
13886,1982,1959,0,2,5,12,13563,4
27141,1991,1964,1,1,1,20,19846,NA
37655,1998,1966,1,2,5,13,7751,3
55057,2010,1957,1,1,3,14,4662,3
32633,1996,1968,1,3,1,15,15406,4
4203,1974,1925,0,1,5,15,22206,3
14422,1983,1926,0,1,1,16,26411,NA
46755,2006,1954,0,1,5,12,13501.875,3
52216,2008,1975,0,1,3,15,64260,4
50079,2006,1952,0,1,1,18,38373.75,4
14050,1983,1926,1,2,1,18,34078,NA
23784,1989,1956,1,1,1,16,6958,3
49014,2006,1954,1,1,3,12,31267.5,4
5493,1975,1921,1,1,1,17,4447,2
22941,1988,1938,1,1,1,11,6273,1
12172,1982,1925,1,2,1,12,16577,3
16166,1984,1961,0,1,5,12,46773,2
37952,1998,1971,1,1,5,16,11196,3
32743,1996,1965,0,1,1,13,32625,3
12933,1982,1951,1,1,3,17,25619,3
20519,1987,1951,0,1,5,18,92594,4
46262,2004,1947,1,1,1,12,11321.25,NA
10305,1978,1925,1,1,5,12,16284,NA
26386,1991,1949,1,1,1,16,19846,NA
34851,1996,1948,0,1,5,15,27188,4
29538,1994,1943,1,2,1,12,28650,3
31198,1994,1962,0,1,1,20,21010,4
28844,1993,1968,1,1,5,16,25545,3
42743,2002,1970,1,1,1,16,17206.75,NA
16430,1984,1950,0,1,5,20,15132,2
35773,1998,1961,0,2,2,15,12918,4
37312,1998,1944,0,1,1,18,16363,4
28421,1993,1931,0,1,5,12,8843,3
5397,1975,1941,1,1,1,12,4447,4
50793,2006,1943,1,1,2,19,21318.75,2
20910,1987,1939,1,1,1,14,21250,3
44605,2004,1960,1,3,1,16,33209,3
14565,1983,1952,0,1,1,12,24139,NA
44626,2004,1968,0,1,5,16,49813.5,NA
51032,2008,1968,0,2,5,19,64260,3
54914,2010,1943,1,1,1,13,2331,NA
9052,1977,1951,0,1,1,12,31299,3
23763,1989,1936,0,1,3,13,17394,3
31118,1994,1938,0,1,1,12,17954,NA
42208,2002,1979,1,1,5,12,2815.65,NA
54632,2010,1955,0,1,1,13,34965,3
14631,1983,1957,0,1,1,10,24139,NA
41072,2002,1945,0,1,1,15,62570,NA
30760,1994,1938,1,1,3,13,8595,NA
49160,2006,1980,1,1,1,16,284.25,3
24678,1989,1948,0,1,1,12,12756,3
6907,1976,1928,0,1,1,17,81652,4
18676,1986,1957,0,1,1,12,38222,NA
29568,1994,1947,0,1,1,14,34380,2
5765,1975,1945,0,2,1,10,20011,2
52942,2008,1970,0,1,4,13,3480.75,3
39457,2000,1966,1,1,5,16,21612,3
39159,2000,1979,0,3,1,11,9143,4
25442,1990,1940,1,1,1,12,5766,NA
33543,1996,1951,1,1,1,12,13594,3
32902,1996,1948,1,1,1,16,32625,3
41468,2002,1965,0,1,1,15,62570,4
20580,1987,1942,1,2,3,12,37500,3
14107,1983,1935,1,1,1,11,6248,NA
10458,1978,1924,0,1,1,11,11761,NA
10831,1980,1958,0,1,5,13,9819,3
28532,1993,1970,1,3,5,13,1572,4
6968,1976,1915,0,1,1,12,35651,3
42053,2002,1930,1,1,3,12,7039.125,3
33869,1996,1970,0,1,1,8,9969,4
8707,1977,1930,0,1,1,12,21669,3
54348,2010,1957,0,1,1,16,34965,4
52128,2008,1969,1,1,1,17,36146.25,4
9019,1977,1938,0,1,3,8,21669,3
34323,1996,1957,0,1,3,16,27188,3
52789,2008,1956,0,1,1,12,17403.75,NA
37678,1998,1956,0,1,1,12,31005,3
22829,1988,1947,1,1,3,12,18094,4
43214,2002,1966,1,2,5,9,11731.875,2
37161,1998,1965,1,1,5,12,9473,4
50950,2006,1952,0,1,3,15,31267.5,3
38338,2000,1979,1,1,5,13,15793,NA
8257,1977,1951,0,1,5,13,6741,3
47207,2006,1947,0,1,3,16,25582.5,2
25961,1990,1955,0,1,5,12,24395,4
47799,2006,1951,1,1,5,14,38373.75,NA
39596,2000,1974,1,1,4,12,2327,3
7567,1976,1940,0,1,1,12,81652,3
32428,1996,1969,0,1,5,9,6525,3
22278,1988,1920,1,1,1,12,7238,NA
32603,1996,1951,1,1,1,18,32625,4
39867,2000,1958,0,1,2,14,21612,4
21369,1987,1931,1,1,1,14,23750,4
52356,2008,1949,1,1,2,18,29452.5,NA
35055,1996,1969,0,1,5,16,17038,3
30306,1994,1972,1,1,5,15,3438,3
12677,1982,1955,1,1,1,11,19591,3
36426,1998,1947,0,2,1,14,25837,3
49658,2006,1966,0,1,5,18,18476.25,3
44727,2004,1948,1,1,5,12,14340.25,2
46173,2004,1986,0,3,5,8,4528.5,NA
34462,1996,1960,1,1,5,12,11781,3
9951,1978,1939,1,1,1,8,8142,NA
24249,1989,1957,1,1,1,12,1855,3
45665,2004,1970,1,3,1,13,49813.5,NA
45813,2004,1971,1,1,1,12,8302.25,NA
25903,1990,1957,1,1,3,15,9980,4
53932,2010,1972,0,1,1,6,3367,3
50351,2006,1959,1,1,1,14,18476.25,4
41378,2002,1961,0,2,1,12,23463.75,3
25517,1990,1961,1,1,5,16,21068,3
31582,1994,1939,1,1,3,8,12415,NA
11161,1980,1927,0,1,1,11,11329,3
43041,2002,1947,0,1,1,10,7039.125,2
43380,2002,1955,1,1,1,14,234366.65,4
40067,2000,1966,1,1,1,12,9143,4
19925,1986,1939,0,2,4,10,4587,NA
36489,1998,1939,0,1,5,18,22392,4
8891,1977,1932,0,1,1,12,21669,4
25971,1990,1952,0,1,3,14,24395,4
29015,1993,1953,1,1,3,12,16703,3
53198,2010,1974,0,1,1,6,23310,3
45067,2004,1952,0,1,1,15,40756.5,NA
3274,1974,1914,0,1,1,12,43178,3
50791,2006,1976,1,3,4,15,7816.875,3
40837,2000,1961,1,2,1,14,14131,3
12924,1982,1962,1,1,5,12,9042,3
32742,1996,1952,1,1,3,12,8156,3
12008,1980,1953,1,2,1,12,3021,3
12818,1982,1950,1,1,4,12,603,3
22559,1988,1961,0,1,1,12,15682,4
32941,1996,1973,0,2,5,10,9969,4
27053,1991,1948,0,1,1,12,2925,NA
51479,2008,1977,1,1,1,16,44178.75,NA
22191,1988,1947,1,1,1,18,26538,4
7487,1976,1921,0,1,3,13,81652,4
10055,1978,1957,1,1,5,14,8142,NA
40313,2000,1941,1,1,1,12,15793,4
43782,2004,1956,0,1,1,16,40756.5,NA
22184,1988,1948,0,1,1,13,18094,NA
47450,2006,1955,1,2,5,18,46901.25,3
39478,2000,1947,1,1,5,14,36575,3
26895,1991,1933,1,1,3,12,7521,NA
18184,1985,1940,0,1,3,12,6861,3
42633,2002,1948,0,2,4,16,28156.5,2
26847,1991,1956,0,1,4,16,22980,3
25708,1990,1957,0,1,3,12,16633,3
51901,2008,1944,0,2,1,10,6024.375,2
40753,2000,1979,1,3,5,12,4987,3
18544,1985,1964,1,1,5,15,528,3
43724,2004,1949,1,3,1,16,1207.6,3
41819,2002,1954,0,1,1,20,234366.65,3
48649,2006,1976,1,1,1,16,18476.25,NA
12859,1982,1957,1,1,1,12,5425,3
36408,1998,1964,1,1,1,12,7751,4
47570,2006,1965,1,1,3,19,12080.625,3
29549,1994,1958,0,1,5,16,4202,3
20021,1986,1941,1,1,1,12,38222,NA
52856,2008,1969,1,1,1,13,14726.25,NA
29302,1993,1973,1,1,5,12,1572,NA
47035,2006,1958,1,1,3,12,38373.75,3
17584,1985,1926,1,1,3,16,44863,4
34001,1996,1976,0,1,5,13,1450,3
5825,1975,1911,0,1,1,9,20011,1
22372,1988,1946,0,1,1,16,43426,1
8870,1977,1955,0,1,1,12,31299,4
21957,1988,1947,1,2,3,16,43426,3
12637,1982,1954,0,1,4,14,97992,4
3957,1974,1955,0,1,5,13,4935,3
32064,1994,1961,1,1,1,13,17954,NA
19421,1986,1956,0,1,1,12,11466,NA
8814,1977,1943,0,1,1,12,31299,3
6023,1975,1930,0,1,1,12,50027,4
42855,2002,NA,0,1,5,20,42234.75,4
26974,1991,1959,0,2,3,15,22980,NA
43145,2002,1973,0,1,1,12,17206.75,NA
38380,2000,1942,0,1,1,12,24937,4
43335,2002,1976,1,2,5,10,4692.75,NA
33385,1996,1964,0,1,4,11,17038,3
41370,2002,1942,0,1,3,19,14860.375,3
27398,1991,1953,0,1,1,12,31336,3
18432,1985,1936,0,2,1,10,17154,2
34606,1996,1969,1,1,5,16,19938,4
29361,1993,1938,1,1,1,13,10808,3
18631,1986,1962,0,1,5,12,24207,NA
30331,1994,1960,1,1,1,16,6876,4
46912,2006,1959,0,2,1,12,25582.5,3
33069,1996,1965,1,1,1,16,23563,NA
36873,1998,1958,1,2,4,14,31005,2
53610,2010,1977,0,3,5,11,16835,NA
30228,1994,1963,1,1,1,12,382,4
50117,2006,1951,1,1,3,12,21318.75,3
43518,2002,1966,1,1,3,14,11731.875,4
28474,1993,1960,0,1,1,20,21615,NA
43830,2004,1945,1,1,1,12,14340.25,2
48580,2006,1957,1,1,3,12,7816.875,NA
39260,2000,1968,1,2,1,14,14131,4
14892,1983,1951,0,2,1,12,26411,NA
23431,1989,1966,0,2,5,16,5102,NA
6506,1976,1922,0,1,3,10,25465,2
50736,2006,1982,1,1,5,15,31267.5,NA
21415,1987,1942,1,1,1,12,18750,3
31419,1994,1963,0,2,5,16,34380,4
6326,1976,1921,0,1,1,16,18335,4
39367,2000,1970,0,1,1,12,14131,3
21870,1987,1967,0,2,1,12,2000,2
28935,1993,1965,0,1,1,12,7074,3
39008,2000,1955,0,1,1,17,29925,4
38604,2000,1964,0,2,4,12,21612,NA
48150,2006,1968,0,1,3,15,21318.75,NA
20942,1987,1954,1,1,3,14,7500,3
9025,1977,1957,1,1,5,12,3852,3
23970,1989,1917,0,1,1,10,4175,1
29387,1993,1968,0,1,1,16,18471,4
38307,2000,1960,0,1,5,17,29925,3
19216,1986,1945,0,1,1,14,28029,NA
11805,1980,1924,1,1,1,16,16994,3
21272,1987,1930,1,1,1,8,9000,1
30155,1994,1955,1,1,1,16,51570,4
41163,2002,1969,1,2,4,14,13296.125,3
35508,1998,1946,1,1,5,13,31005,2
10426,1978,1947,0,1,1,12,20355,NA
9263,1978,1944,1,1,3,12,9952,NA
27685,1991,1971,1,1,5,14,1671,NA
53244,2010,1968,1,2,5,20,42735,3
32228,1994,1956,0,1,3,12,24830,4
9743,1978,1935,0,1,1,14,24879,NA
40366,2000,1956,1,1,1,13,18287,2
34561,1996,1964,1,1,5,15,11781,NA
21692,1987,1930,1,2,4,13,16250,4
52033,2008,1970,0,1,1,12,12718.125,NA
5279,1975,1938,0,1,1,9,27793,3
38152,2000,1967,1,3,5,8,14131,3
10049,1978,1918,0,1,3,10,20355,NA
19504,1986,1942,0,1,1,12,38222,NA
8480,1977,1933,0,1,1,11,26484,4
9224,1978,1950,1,1,5,18,24879,NA
20976,1987,1951,0,1,1,14,45000,3
16049,1984,1960,1,1,1,12,6053,2
45419,2004,1942,0,1,1,6,27171,3
44395,2004,1974,0,2,1,12,11321.25,NA
30022,1994,1965,0,1,1,11,10505,3
54645,2010,1953,0,1,3,11,23310,3
12333,1982,1935,1,1,1,17,28030,4
46805,2006,1979,1,1,5,18,21318.75,4
15810,1984,1936,1,1,3,16,17884,3
20239,1987,1948,1,1,1,16,2000,3
39889,2000,1960,1,2,4,13,7481,3
42254,2002,1954,1,1,1,14,13296.125,4
43841,2004,1954,1,1,1,12,19623.5,NA
28262,1993,1967,1,3,1,12,21615,NA
32179,1994,1959,1,1,1,16,17954,3
40224,2000,1946,1,1,1,12,12468,4
24319,1989,1951,0,1,1,12,19713,3
26453,1991,1973,0,1,5,12,9401,2
16418,1984,1941,1,1,3,16,17884,3
17157,1985,1927,0,1,1,16,31668,4
39790,2000,1931,0,1,3,12,7481,3
28928,1993,1964,0,1,1,12,100496,3
9285,1978,1959,1,1,5,12,3619,NA
44871,2004,1953,1,1,2,15,22642.5,NA
39684,2000,1953,1,1,3,14,4322,4
5908,1975,1923,1,1,2,12,20011,3
45368,2004,1933,0,1,1,12,27171,3
53504,2010,1949,1,1,1,18,42735,3
54828,2010,1953,0,1,1,12,34965,2
20202,1987,1925,1,1,2,12,13750,3
53430,2010,1956,0,1,1,12,23310,NA
52482,2008,1954,1,1,5,18,44178.75,4
33653,1996,1942,0,1,1,12,39875,4
5086,1975,1952,0,1,1,14,16676,4
32190,1994,1945,0,1,3,16,24830,4
33659,1996,1945,0,1,3,18,92692,NA
35530,1998,1948,0,2,3,12,7751,3
17415,1985,1918,0,1,1,14,44863,3
51723,2008,1968,0,1,1,20,14726.25,4
37398,1998,1929,1,1,1,12,2411,3
25906,1990,1960,1,1,3,14,5766,2
15793,1984,1958,1,1,1,12,25587,3
39365,2000,1967,1,2,5,12,9143,3
31613,1994,1968,0,1,5,16,21010,NA
42089,2002,1960,1,1,5,12,10167.625,NA
52476,2008,1979,0,3,1,15,24097.5,NA
51595,2008,1956,1,1,1,17,24097.5,2
40074,2000,1966,0,1,1,12,21612,4
8374,1977,1898,0,1,1,8,14446,3
54016,2010,1949,1,3,3,17,28490,3
49276,2006,1979,0,1,1,15,18476.25,3
11111,1980,1945,1,1,1,12,9819,4
37221,1998,1969,0,1,5,14,11196,3
37853,1998,1960,0,1,1,12,12918,4
31226,1994,1947,1,1,5,20,24830,NA
24396,1989,1932,1,1,1,13,34788,4
30024,1994,1956,1,1,1,11,10505,2
25360,1990,1952,1,2,5,14,5766,2
13328,1982,1935,0,1,5,14,16577,2
35622,1998,1952,1,1,1,12,14641,4
48861,2006,1955,1,1,1,20,25582.5,3
20965,1987,1949,1,1,3,18,27500,4
37183,1998,1966,1,3,5,16,18947,4
3262,1974,1952,1,1,5,12,8636,3
5561,1975,1944,0,1,1,12,27793,4
39997,2000,1964,1,1,3,13,12468,2
41853,2002,1971,0,1,5,15,23463.75,NA
24857,1989,1949,0,1,3,12,41746,2
31754,1994,1963,1,1,1,12,12415,3
8631,1977,1951,0,1,1,12,21669,3
34498,1996,1976,1,1,5,13,5438,3
3592,1974,1943,0,1,1,12,30841,1
29425,1994,1971,0,1,5,16,34380,4
13427,1982,1961,1,1,5,12,2411,3
48869,2006,1972,0,1,1,16,68220,4
44675,2004,1952,1,1,3,13,27171,4
9330,1978,1935,0,1,3,17,33926,NA
13610,1982,1952,0,1,1,10,13563,4
50165,2006,1974,1,1,1,13,13501.875,3
24334,1989,1927,1,1,2,14,5102,4
51573,2008,1952,1,1,1,12,8701.875,3
33949,1996,1967,1,1,3,19,32625,3
40353,2000,1955,0,1,1,12,44887,3
49031,2006,1949,1,1,1,20,38373.75,3
52744,2008,1942,0,1,1,12,20081.25,3
23526,1989,1947,0,1,1,13,41746,4
41355,2002,1978,1,1,5,14,17206.75,NA
31775,1994,1961,0,1,3,12,10505,3
26650,1991,1956,0,1,3,9,22980,NA
7755,1977,1952,0,1,1,12,12520,3
24392,1989,1948,0,1,1,16,30150,NA
32755,1996,1964,1,2,5,16,32625,3
42440,2002,1950,0,1,1,13,34413.5,4
34427,1996,1935,1,1,3,20,23563,4
31779,1994,1971,0,1,5,12,1528,2
20498,1987,1950,0,1,5,20,23750,3
6315,1976,1908,0,1,1,8,15279,1
20956,1987,1952,0,1,5,17,92594,4
48909,2006,1960,1,1,3,14,7816.875,NA
51529,2008,1962,0,1,3,15,24097.5,NA
31384,1994,1968,1,2,5,12,1528,3
48953,2006,1960,1,1,1,13,13501.875,3
17730,1985,1936,0,1,1,8,19793,3
49391,2006,1978,0,1,3,13,6395.625,3
50429,2006,1985,0,1,5,12,5116.5,3
19353,1986,1947,1,1,5,17,21659,NA
30951,1994,1961,1,3,1,12,4202,4
40499,2000,1960,0,1,1,20,29925,3
10833,1980,1921,0,1,1,8,28323,3
33906,1996,1971,0,1,5,15,4713,4
54845,2010,1971,0,1,3,12,23310,2
11818,1980,1943,0,1,1,18,56647,4
5609,1975,1942,0,2,4,3,7782,3
53056,2010,1952,0,2,1,12,19425,4
46494,2004,1972,0,1,5,19,33209,NA
38061,1998,1930,0,1,3,13,37895,2
9364,1978,1951,1,1,3,16,20355,NA
15770,1984,1940,1,1,3,12,17884,2
31207,1994,1958,1,1,4,13,14325,NA
48928,2006,1945,1,1,1,16,3695.25,3
42569,2002,1964,0,1,3,16,34413.5,3
54223,2010,1952,1,1,3,13,16835,2
11259,1980,1944,0,1,1,12,56647,3
54405,2010,1961,1,1,1,6,3367,NA
49278,2006,1979,0,2,1,12,15633.75,NA
4737,1975,1916,1,1,2,17,38910,4
42722,2002,1951,0,1,1,16,28156.5,3
16792,1984,1922,1,1,1,12,8254,3
49244,2006,1987,0,3,5,0,3695.25,2
12042,1980,1945,0,1,1,17,24547,3
10416,1978,1930,0,1,3,20,67851,NA
8248,1977,1957,1,1,5,12,963,3
18815,1986,1954,0,3,1,18,11466,NA
45394,2004,1985,0,3,5,10,4528.5,2
3510,1974,1914,1,1,5,18,43178,4
19553,1986,1946,0,1,1,15,56058,NA
52765,2008,1961,0,1,3,12,17403.75,2
40247,2000,1958,1,3,3,16,44887,4
47959,2006,1979,0,1,5,17,25582.5,4
53894,2010,1966,0,1,1,8,34965,3
4767,1975,1919,0,1,1,8,27793,2
45761,2004,1956,0,1,3,10,16604.5,3
25326,1990,1956,0,1,1,12,14415,NA
35093,1996,1977,0,2,5,11,2538,4
26431,1991,1935,1,1,3,17,37603,3
9574,1978,1947,1,1,1,14,20355,NA
37133,1998,1954,1,1,1,16,56842,4
13564,1982,1943,0,1,1,12,16577,4
11498,1980,1961,1,1,5,11,755,4
3714,1974,1951,0,1,1,12,22206,2
16951,1984,1962,0,1,5,12,9905,4
39557,2000,1949,0,2,1,20,29925,NA
23735,1989,1932,1,1,1,12,6030,3
12962,1982,1938,0,1,1,16,97992,3
12748,1982,1954,1,1,1,16,13563,4
46737,2006,1970,0,3,1,14,38373.75,4
7630,1977,1938,1,1,4,10,17335,2
18674,1986,1937,0,3,1,13,19111,NA
17824,1985,1947,1,1,1,14,14515,3
39436,2000,1947,1,1,3,14,21612,3
48232,2006,1941,1,1,2,12,7816.875,NA
34867,1996,1956,0,1,3,11,23563,3
24885,1989,1967,0,3,5,12,17394,4
48204,2006,1973,0,1,1,20,25582.5,4
17418,1985,1958,0,2,1,13,31668,3
40208,2000,1955,1,2,3,14,29925,3
24345,1989,1960,0,1,5,16,12756,4
20535,1987,1929,1,1,1,14,16250,3
32895,1996,1963,1,1,3,12,15406,3
53962,2010,1979,0,1,5,12,7122.5,NA
51004,2006,1944,0,2,4,14,56850,4
37864,1998,1944,0,1,2,16,31005,4
37255,1998,1972,0,1,5,12,31005,3
35233,1996,1968,1,1,1,12,4713,4
47505,2006,1973,1,1,3,8,10659.375,3
54293,2010,1975,0,1,1,16,23310,3
48396,2006,1961,0,1,1,12,15633.75,3
52245,2008,1966,0,1,2,16,24097.5,4
44603,2004,1935,0,3,1,18,22642.5,NA
53901,2010,1964,1,2,5,11,7122.5,3
33162,1996,1964,1,1,3,12,11781,3
33682,1996,1976,0,2,5,11,1450,3
13196,1982,1946,1,1,3,16,13563,4
47728,2006,1958,1,1,3,18,31267.5,4
30033,1994,1951,1,1,1,13,6876,4
21311,1987,1961,0,1,5,15,9000,4
52053,2008,1957,1,1,1,12,14726.25,3
52937,2008,1955,1,1,1,13,11379.375,2
44467,2004,1970,1,2,5,11,5434.2,NA
46269,2004,1965,1,2,1,12,9811.75,3
7196,1976,1944,0,1,1,12,35651,3
41073,2002,1940,1,1,1,16,11731.875,4
13620,1982,1960,1,1,1,11,603,2
35956,1998,1945,1,1,1,16,11196,4
50821,2006,1979,0,3,5,12,284.25,4
52688,2008,1972,0,2,5,12,20081.25,3
28574,1993,1955,0,1,1,14,12773,4
8996,1977,1950,0,1,1,18,26484,4
17089,1985,1931,1,3,4,9,6861,2
36320,1998,1975,0,3,5,13,5167,2
54508,2010,1986,0,1,5,15,8417.5,4
26873,1991,1950,0,1,1,15,37603,NA
20268,1987,1955,0,1,5,16,32500,3
47466,2006,1968,1,2,3,12,18476.25,3
13996,1983,1961,1,1,1,12,12779,NA
45704,2004,1969,0,1,1,16,33209,NA
41856,2002,1959,0,3,1,12,20335.25,3
4292,1974,1929,0,1,5,8,22206,2
47501,2006,1965,1,2,3,16,25582.5,NA
35651,1998,1964,1,1,1,12,2411,2
44168,2004,1943,1,1,3,14,14340.25,NA
7172,1976,1940,0,1,1,13,81652,4
50553,2006,1959,1,1,1,15,2558.25,NA
43206,2002,1947,0,1,1,15,23463.75,4
39301,2000,1970,0,1,3,10,333,3
8055,1977,1927,0,1,2,12,6741,2
54848,2010,1956,0,1,1,11,16835,NA
14919,1983,1934,0,1,1,16,48277,NA
8872,1977,1915,0,1,1,11,3852,1
42003,2002,1977,0,1,5,11,10167.625,4
39812,2000,1971,1,2,1,14,12468,3
3580,1974,1950,1,1,5,16,18505,3
36468,1998,1943,1,1,1,12,18947,2
18458,1985,1958,1,1,1,13,11876,2
3353,1974,1952,0,1,1,12,11103,3
50544,2006,1978,1,3,1,8,2558.25,4
7080,1976,1920,1,1,1,16,4074,4
7451,1976,1929,0,1,5,9,4074,4
27793,1993,1964,1,1,5,18,25545,NA
6160,1976,1948,0,1,1,13,25465,3
38408,2000,1969,0,2,5,13,24937,3
4600,1974,1935,1,1,1,12,8636,3
22728,1988,1942,0,1,1,16,20507,NA
44453,2004,1943,0,1,1,13,22642.5,NA
13307,1982,1956,1,1,1,13,10850,3
41363,2002,1964,1,3,1,18,17206.75,NA
47015,2006,1958,1,3,5,16,1989.75,4
27179,1991,1956,1,1,3,19,31336,2
8921,1977,1937,0,1,1,12,26484,3
9542,1978,1953,0,1,1,12,11761,NA
43267,2002,1974,0,1,1,16,23463.75,4
12141,1982,1962,1,1,5,14,2411,4
29759,1994,1926,0,1,1,14,8595,NA
19595,1986,1948,0,1,1,14,38222,NA
16500,1984,1960,1,1,5,17,12381,3
51024,2008,1976,0,2,3,10,8701.875,3
17948,1985,1963,0,1,1,12,3695,3
34258,1996,1951,1,1,1,12,3263,3
19158,1986,1950,0,1,1,12,6625,NA
40368,2000,1968,0,1,3,12,21612,3
22033,1988,1947,1,1,1,12,8685,NA
32549,1996,1953,0,1,1,12,27188,4
13110,1982,1927,1,2,1,12,36167,4
47887,2006,1954,0,1,1,12,21318.75,3
8133,1977,1926,0,1,1,16,201640,4
10805,1980,1947,0,1,1,16,32100,4
17105,1985,1961,1,1,5,15,44863,4
38827,2000,1980,1,3,5,9,4322,3
36357,1998,1978,1,1,5,11,3100,2
38326,2000,1947,1,1,1,13,7481,NA
3990,1974,1910,1,1,1,15,11103,1
14474,1983,1958,0,1,5,13,10223,NA
54285,2010,1948,0,1,1,18,34965,NA
54035,2010,1952,1,1,5,12,7122.5,NA
18090,1985,1945,1,1,3,14,7917,4
25021,1990,1925,0,2,1,6,16633,3
54579,2010,1969,0,1,1,14,42735,NA
45235,2004,1966,1,1,4,9,6792.75,1
31596,1994,1950,0,1,1,12,16235,3
40820,2000,1976,0,1,5,13,12468,NA
54482,2010,1938,1,1,3,14,34965,NA
36665,1998,1968,1,1,3,14,25837,3
22350,1988,1957,1,1,1,16,10857,NA
39030,2000,1929,1,1,3,15,5985,2
27294,1991,1972,1,2,5,12,1671,2
16136,1984,1952,0,1,1,16,15132,3
17886,1985,1949,0,1,5,15,17154,3
13488,1982,1962,0,1,5,12,10850,4
36135,1998,1972,0,2,5,12,11196,2
43190,2002,1953,1,2,1,12,11731.875,NA
53491,2010,1950,1,1,1,18,23310,2
29149,1993,1934,0,1,1,12,16703,3
13528,1982,1943,1,1,4,12,7836,3
11322,1980,1953,1,1,3,12,5287,3
45093,2004,1980,1,1,1,14,9811.75,NA
17123,1985,1953,1,3,1,18,9500,3
5587,1975,1929,1,2,1,16,20011,3
37126,1998,1952,0,1,5,16,18947,3
50019,2006,1972,1,1,3,14,38373.75,4
46360,2004,1962,0,1,1,17,40756.5,NA
49443,2006,1932,0,1,3,12,159292.27,1
34419,1996,1970,1,3,1,0,8156,2
40761,2000,1963,1,1,5,12,15793,NA
34207,1996,1973,1,1,4,13,2538,NA
24916,1990,1952,0,3,5,9,7984,3
25122,1990,1949,0,3,5,10,9980,2
18071,1985,1953,0,1,1,12,31668,4
11384,1980,1926,0,1,1,11,24547,2
50741,2006,1952,1,1,5,16,6395.625,3
54176,2010,1987,0,1,5,15,9712.5,3
30524,1994,1955,0,1,1,16,28650,3
36374,1998,1935,0,1,1,9,18947,4
47422,2006,1964,1,2,5,15,25582.5,3
43176,2002,1954,0,1,3,12,34413.5,3
3639,1974,1933,0,1,1,9,43178,4
51530,2008,1962,0,1,1,16,480144.47,3
53895,2010,1949,0,1,1,16,23310,2
43204,2002,1970,1,1,1,13,7039.125,NA
44464,2004,1947,1,1,4,12,14340.25,3
43165,2002,1962,0,1,4,12,13296.125,3
26842,1991,1951,1,1,3,10,9401,3
37192,1998,1931,1,1,1,12,11196,2
8201,1977,1922,1,2,1,7,963,1
45707,2004,1953,1,1,1,18,22642.5,4
3861,1974,1922,1,1,2,12,13570,4
9495,1978,1913,1,2,2,7,905,NA
20351,1987,1932,0,1,1,16,27500,3
32761,1996,1961,0,1,1,17,92692,3
37395,1998,1961,0,1,1,16,7751,3
48402,2006,1961,0,1,1,12,38373.75,4
25161,1990,1941,0,1,3,12,18851,2
6844,1976,1915,1,1,2,12,18335,4
38972,2000,1959,0,1,1,10,9143,2
48813,2006,1974,0,1,1,12,25582.5,4
10302,1978,1954,0,1,5,16,8142,NA
16423,1984,1949,1,1,3,14,23386,3
15807,1984,1955,1,1,5,15,15132,3
37841,1998,1957,1,1,1,16,31005,4
33904,1996,1941,0,1,1,18,11781,NA
31923,1994,1969,0,1,1,13,24830,4
31557,1994,1951,1,1,1,18,5730,3
46119,2004,1979,0,2,5,9,14340.25,3
21323,1987,1962,0,1,1,12,7500,3
3421,1974,1927,1,1,3,13,43178,4
36202,1998,1947,0,1,4,12,6201,2
42416,2002,1960,1,1,1,20,34413.5,NA
50409,2006,1973,1,2,3,12,6395.625,3
31448,1994,1953,1,1,1,9,3438,2
30294,1994,1958,1,1,3,16,34380,3
4331,1974,1926,1,1,1,10,13570,3
23354,1988,1937,0,1,1,17,31364,NA
44253,2004,1973,0,1,1,16,27171,NA
47800,2006,1972,1,1,5,14,18476.25,3
29756,1994,1966,0,1,5,16,24830,2
18488,1985,1958,1,1,1,18,17154,4
25712,1990,1958,1,1,3,15,12197,3
26759,1991,1956,1,1,1,12,13579,NA
39713,2000,NA,0,2,3,12,14131,3
30146,1994,1970,1,1,5,16,14325,NA
8389,1977,1942,0,1,1,12,26484,3
54512,2010,1957,1,1,1,10,8417.5,2
50148,2006,1987,0,1,5,11,284.25,4
6869,1976,1952,1,1,5,16,9167,4
14571,1983,1929,0,1,5,11,12779,NA
50678,2006,1953,1,1,1,12,6395.625,3
10050,1978,1954,0,1,1,16,3619,NA
26213,1990,1963,0,3,5,12,3992,NA
27393,1991,1951,1,1,1,13,9401,NA
39391,2000,1958,0,1,1,16,66500,4
20387,1987,1922,1,1,2,13,11250,3
33052,1996,1962,1,1,1,13,11781,2
43636,2002,1957,0,2,4,16,5631.3,1
8985,1977,1911,0,1,1,12,31299,3
16779,1984,1951,1,1,3,13,550,2
26323,1991,1942,0,1,1,13,111284,3
49178,2006,1965,0,1,5,11,12080.625,2
37327,1998,1945,1,2,5,15,37895,3
30635,1994,1971,0,1,5,12,8595,3
10449,1978,1928,0,1,1,8,13570,NA
34186,1996,1949,0,1,1,12,15406,2
46481,2004,1938,1,1,3,12,22642.5,3
33804,1996,1970,0,1,1,14,23563,4
32395,1996,1943,1,1,3,16,11781,3
3706,1974,1929,0,1,1,8,96450,4
23314,1988,1931,1,1,2,14,15682,3
13734,1982,1941,1,2,1,10,6631,2
33283,1996,1965,1,1,5,20,19938,4
18472,1985,1953,0,1,2,12,11876,3
40881,2000,1953,1,1,1,12,9143,3
44587,2004,1958,0,2,4,13,19623.5,2
51989,2008,1958,0,1,3,12,20081.25,NA
8260,1977,1933,0,1,1,6,3852,3
37804,1998,1947,0,2,5,12,12918,3
34129,1996,1962,0,1,1,12,23563,3
41923,2002,1940,1,1,5,12,17206.75,NA
13248,1982,1953,0,1,5,14,16577,4
13245,1982,1964,0,1,1,10,603,4
44486,2004,1952,1,1,1,18,40756.5,NA
33232,1996,1951,1,1,3,20,19938,3
35655,1998,1936,0,1,1,16,37895,3
26393,1991,1944,1,1,1,14,418,3
20615,1987,1936,1,1,5,17,45000,4
54503,2010,1961,0,1,1,13,62160,3
51359,2008,1930,1,1,2,12,10040.625,NA
13584,1982,1947,1,1,1,11,7836,4
23737,1989,1965,1,1,1,12,12756,3
42298,2002,1972,1,1,3,12,10167.625,3
47415,2006,1953,1,2,3,14,25582.5,NA
31629,1994,1953,0,1,3,11,1528,2
6658,1976,1920,1,1,1,10,4074,3
41086,2002,1952,0,1,5,18,42234.75,NA
20026,1986,1956,0,3,5,11,9173,NA
20236,1987,1937,0,1,1,9,9000,3
5149,1975,1943,1,1,1,16,10005,3
52498,2008,1952,0,1,1,16,480144.47,NA
30644,1994,1918,0,1,1,11,4966,NA
25454,1990,1969,1,1,5,14,3992,NA
14161,1983,1923,0,1,1,14,81266,NA
18717,1986,1959,1,1,1,12,16563,NA
24211,1989,1953,0,1,5,15,5102,3
29661,1994,1954,1,1,3,12,28650,2
47839,2006,1965,1,1,1,16,38373.75,4
17387,1985,1948,0,1,1,12,22432,3
14672,1983,1955,1,1,1,12,3976,NA
24179,1989,1962,1,1,4,12,1855,4
32552,1996,1956,0,1,1,14,39875,3
35119,1996,1957,0,1,3,17,39875,4
22566,1988,1942,1,1,1,12,4343,NA
45757,2004,1979,0,1,5,14,2113.3,4
44286,2004,1966,0,1,4,6,19623.5,3
33023,1996,1953,1,1,1,20,48938,3
43704,2004,1971,0,2,5,16,11321.25,3
28786,1993,1953,1,1,1,18,12773,3
4369,1974,1907,1,1,5,18,4935,2
20424,1987,1949,0,1,1,12,27500,4
19315,1986,1954,0,1,1,12,21659,NA
8984,1977,1937,1,1,1,12,21669,3
8799,1977,1948,1,1,1,10,3852,3
11872,1980,1950,1,1,1,12,20770,4
16466,1984,1952,0,1,5,16,33016,4
25764,1990,1958,0,1,1,13,16633,3
11905,1980,1943,1,1,5,16,28323,3
19503,1986,1921,0,1,1,11,21659,NA
9410,1978,1957,0,1,1,12,11761,NA
43217,2002,1965,0,2,3,12,11731.875,3
25870,1990,1942,1,1,3,14,12197,3
4250,1974,1955,1,1,5,12,1234,3
42815,2002,1958,1,1,1,15,23463.75,4
35242,1996,1959,0,1,5,15,13594,3
15075,1983,1948,1,1,3,12,26411,NA
13140,1982,1942,1,1,3,16,19591,4
25185,1990,1927,1,1,1,12,9980,NA
21605,1987,1924,1,2,2,12,5500,2
4437,1974,1930,0,1,1,14,16038,4
17777,1985,1922,1,2,4,9,3695,1
26934,1991,1959,1,1,5,12,31336,3
29143,1993,1964,1,1,5,12,14738,2
48608,2006,1961,0,1,1,17,68220,NA
45376,2004,1943,0,1,1,12,5434.2,4
51136,2008,1960,1,1,3,16,29452.5,NA
12666,1982,1954,0,1,1,12,13563,3
20435,1987,1951,0,2,4,11,11250,3
32919,1996,1940,0,1,1,19,92692,4
35444,1998,1955,0,1,5,12,31005,3
37039,1998,1957,1,1,3,12,7751,3
22511,1988,1950,1,1,3,13,22919,4
15630,1984,1960,0,1,5,13,17884,4
15802,1984,1959,1,2,5,15,15132,3
11653,1980,1956,1,1,1,14,28323,4
15757,1984,1952,1,2,3,11,9905,3
27295,1991,1968,0,3,5,14,1671,NA
25788,1990,1953,1,1,1,16,444,4
51823,2008,1973,1,1,1,16,4819.5,2
24266,1989,1953,0,1,1,14,51023,NA
29677,1994,1961,0,1,1,12,24830,NA
13414,1982,1930,1,1,1,9,2411,2
29891,1994,1953,1,1,3,12,14325,2
27971,1993,1963,0,1,1,16,35370,4
43160,2002,1947,0,1,1,16,17206.75,NA
6535,1976,1945,1,1,3,12,9167,3
25191,1990,1968,1,1,5,15,3992,3
52929,2008,1972,0,3,1,15,17403.75,4
34165,1996,1965,0,1,5,15,17038,3
28170,1993,1958,0,2,1,11,5109,3
35044,1996,1933,0,2,1,9,11781,3
9809,1978,1943,0,1,1,12,9952,NA
38561,2000,1962,0,2,3,14,44887,3
15060,1983,1961,0,1,1,12,6248,NA
49027,2006,1983,0,1,5,14,13501.875,3
47181,2006,1965,1,2,1,15,25582.5,3
41734,2002,1929,0,1,3,12,13296.125,NA
54533,2010,1961,0,1,3,18,23310,NA
43277,2002,1962,0,1,1,9,23463.75,3
43400,2002,1977,1,1,4,10,312.85,NA
45436,2004,1957,0,1,1,12,22642.5,NA
12324,1982,1952,1,1,1,12,2411,3
31734,1994,1968,1,1,5,16,16235,3
49836,2006,1940,1,1,1,12,7816.875,3
27949,1993,1958,0,1,4,12,29475,3
42184,2002,1961,1,1,4,13,28156.5,NA
10652,1978,1940,1,1,1,12,13570,NA
43231,2002,1964,1,1,5,15,23463.75,4
22418,1988,1961,1,3,5,12,20507,2
30466,1994,1943,0,1,1,14,28650,3
53533,2010,1971,0,1,1,16,42735,4
20770,1987,1951,0,1,1,12,18750,3
14154,1983,1946,1,1,3,12,24139,NA
13614,1982,1956,0,1,1,12,16577,3
53725,2010,1985,0,1,1,10,14245,2
24452,1989,1935,1,1,1,12,12756,2
32508,1996,1964,0,1,1,14,32625,4
12478,1982,1961,1,2,1,12,7836,4
28013,1993,1933,1,1,1,12,21615,4
28539,1993,1959,0,2,4,13,21615,2
18520,1985,1941,0,1,1,20,96036,4
23278,1988,1965,0,1,5,16,1930,3
3534,1974,1909,1,1,1,8,11103,4
5184,1975,1942,0,1,1,10,27793,3
36907,1998,1966,0,1,5,18,31005,3
3608,1974,1935,0,1,1,15,30841,4
45157,2004,1984,1,1,5,13,2113.3,3
21554,1987,1952,1,2,5,12,7500,3
3294,1974,1932,0,1,1,16,55515,4
36341,1998,1975,1,1,5,13,25837,3
54840,2010,1986,0,1,1,12,8417.5,2
19972,1986,1958,0,2,5,11,19111,NA
25471,1990,1958,1,1,3,10,9980,1
19278,1986,1920,1,2,2,9,6625,NA
20442,1987,1967,1,1,5,13,21250,3
27279,1991,1948,1,1,1,13,31336,NA
10567,1978,1949,1,1,5,17,20355,NA
7302,1976,1897,0,1,2,4,11205,3
49061,2006,1963,1,2,3,13,12080.625,NA
18555,1985,1958,0,1,1,17,2111,1
19555,1986,1924,1,1,2,17,38222,NA
22582,1988,1959,1,2,3,14,1930,1
19148,1986,1949,1,1,1,18,19111,NA
20671,1987,1956,1,1,1,12,7500,3
27848,1993,1948,0,2,1,14,29475,4
4566,1974,1930,1,1,1,12,11103,2
8158,1977,1939,0,1,5,15,17335,4
4593,1974,1928,0,1,1,12,30841,4
49911,2006,1959,0,1,1,12,18476.25,3
40619,2000,1967,1,2,1,14,29925,3
33108,1996,1957,1,2,5,16,23563,3
24384,1989,1934,0,1,1,12,10436,3
40776,2000,1960,1,1,1,15,15793,3
44681,2004,1966,1,1,3,16,14340.25,NA
43127,2002,1957,0,3,1,12,17206.75,NA
6997,1976,1910,0,1,1,12,4074,4
37787,1998,1931,1,1,4,12,345,3
50088,2006,1980,0,1,1,11,4263.75,4
22462,1988,1966,1,1,5,12,8685,3
51619,2008,1955,1,1,1,16,36146.25,NA
40286,2000,1973,0,1,5,12,29925,2
21337,1987,1965,1,1,1,12,2000,2
8600,1977,1946,1,1,1,12,21669,3
41069,2002,1958,1,1,1,14,4692.75,3
48445,2006,1963,0,1,5,12,15633.75,3
14270,1983,1958,1,1,1,13,7384,NA
42264,2002,1955,0,1,1,10,312.85,3
8143,1977,1947,0,1,1,16,21669,3
39234,2000,1928,0,1,1,8,10806,3
35264,1996,1949,0,1,3,12,92692,3
10713,1980,1948,1,1,5,12,6798,4
24854,1989,1945,0,1,1,12,51023,NA
32620,1996,1955,0,3,2,19,32625,4
23695,1989,1961,1,1,5,19,19713,4
45028,2004,1941,0,1,1,12,27171,4
28712,1993,1957,0,1,1,16,29475,NA
4590,1974,1949,1,1,1,12,11103,4
9159,1978,1952,1,1,3,12,13570,NA
46653,2006,1971,0,3,1,18,56850,4
37833,1998,1953,1,2,3,12,9473,3
48583,2006,1966,1,1,1,16,18476.25,4
49458,2006,1958,0,1,5,11,4263.75,3
27331,1991,1950,0,1,1,14,31336,4
17918,1985,1964,1,1,1,13,6861,4
27985,1993,1927,0,2,2,20,53055,NA
5515,1975,1921,1,1,1,12,1112,3
46271,2004,1951,0,2,1,14,27171,4
38943,2000,1970,1,2,1,13,7481,3
7625,1977,1921,1,1,1,12,21669,3
54381,2010,1981,1,1,3,15,14245,3
22837,1988,1948,1,1,5,14,8685,NA
3418,1974,1933,0,1,1,19,96450,4
26826,1991,1917,0,1,1,18,111284,3
35101,1996,1971,1,1,1,12,8156,3
54178,2010,1974,1,1,3,14,16835,3
30681,1994,1952,1,1,3,12,10505,2
10051,1978,1920,1,1,2,12,24879,NA
45767,2004,1964,1,1,1,14,19623.5,NA
16317,1984,1948,1,1,1,18,20635,4
38416,2000,1956,1,2,5,12,12468,3
44502,2004,1944,0,1,3,12,12830.75,NA
46230,2004,1960,1,1,1,12,8302.25,4
47173,2006,1984,0,2,5,12,6395.625,3
11283,1980,1960,0,1,5,12,5287,4
31752,1994,1951,1,1,3,13,12415,2
8057,1977,1913,0,1,1,8,10594,3
36436,1998,1950,1,1,3,12,16363,4
45133,2004,1937,1,1,1,14,14340.25,NA
48589,2006,1972,1,2,1,12,21318.75,3
41619,2002,1957,1,1,1,16,17206.75,NA
50609,2006,1941,1,1,3,9,5116.5,3
49092,2006,1979,0,1,5,17,10659.375,4
39938,2000,1935,1,1,1,18,7481,3
18126,1985,1941,0,1,1,16,96036,4
34164,1996,1968,0,2,5,16,8156,4
7349,1976,1949,1,1,1,12,1019,4
45372,2004,1966,1,2,1,17,40756.5,3
19261,1986,1944,1,1,1,14,19111,NA
54008,2010,1985,0,1,1,13,1036,4
11044,1980,1912,0,1,1,10,3021,3
14606,1983,1919,1,1,2,12,3976,NA
47265,2006,1925,0,1,5,12,7816.875,3
51705,2008,1982,1,1,5,11,7363.125,2
39065,2000,1961,0,1,1,15,66500,4
20220,1987,1940,1,2,3,12,45000,4
53063,2010,1975,0,1,5,16,42735,NA
26052,1990,1955,1,2,4,10,9980,3
39539,2000,1968,0,2,1,12,14131,3
43742,2004,1943,1,1,1,15,16604.5,4
7087,1976,1924,0,1,1,17,81652,3
21732,1987,1956,1,2,1,9,11250,3
24097,1989,1966,0,1,5,14,17394,3
47148,2006,1937,0,1,5,10,46901.25,3
50602,2006,1983,1,1,5,14,9238.125,NA
13500,1982,1945,1,2,3,12,9042,3
24480,1989,1956,0,1,1,12,17394,NA
49421,2006,1978,0,1,3,11,18476.25,2
13085,1982,1957,1,1,4,14,19591,3
46226,2004,1960,0,1,1,15,40756.5,NA
36348,1998,1966,1,1,1,20,22392,4
40430,2000,1950,0,1,3,12,29925,3
24327,1989,1949,0,1,1,14,12756,NA
5960,1975,1933,0,1,1,18,38910,4
38988,2000,1972,0,1,1,14,12468,3
9112,1977,1933,1,2,1,16,21669,3
28694,1993,1946,0,1,1,19,3537,NA
11511,1980,1921,0,1,1,10,20770,4
25421,1990,1936,0,1,1,12,21068,4
14165,1983,1957,0,1,1,12,26411,NA
42275,2002,1944,1,1,3,13,14860.375,2
35556,1998,1951,1,1,3,14,31005,2
33987,1996,1955,1,1,2,14,11781,3
19151,1986,1952,1,1,5,12,6625,NA
29601,1994,1955,0,1,1,12,24830,NA
33617,1996,1934,0,1,1,16,48938,1
25215,1990,1948,0,1,1,13,18851,4
13728,1982,1956,0,2,1,12,2411,3
46207,2004,1956,0,1,1,19,11321.25,NA
20473,1987,1938,0,1,1,14,45000,4
39011,2000,1948,0,1,1,18,29925,4
6302,1976,1928,1,1,1,12,4074,4
32504,1996,1966,0,1,4,16,27188,3
18279,1985,1929,1,1,1,12,14515,3
9275,1978,1923,0,1,1,12,67851,NA
13224,1982,1952,0,1,1,19,36167,4
11826,1980,1945,0,1,1,12,20770,4
40706,2000,1965,1,3,1,12,7481,NA
26662,1991,1952,0,1,1,18,22980,4
17159,1985,1942,0,1,1,12,44863,4
35036,1996,1967,0,1,4,11,17038,2
33234,1996,1963,1,1,5,16,17038,4
15579,1983,1958,0,1,5,10,2272,NA
46640,2006,1971,1,1,1,19,18476.25,4
35286,1998,1971,1,1,5,17,11196,4
33660,1996,1950,0,1,3,20,92692,4
27968,1993,1921,1,1,2,8,7074,1
32396,1996,1965,0,1,5,16,1450,3
16424,1984,1950,1,1,3,12,33016,3
38346,2000,1973,0,3,1,12,21612,3
43864,2004,1979,0,1,5,11,14340.25,NA
52220,2008,1954,0,1,1,13,24097.5,3
30857,1994,1931,1,1,1,12,16235,4
21004,1987,1967,1,1,5,12,5500,3
37944,1998,1970,1,1,1,16,9473,3
22072,1988,1932,0,2,3,14,26538,NA
42494,2002,1968,0,1,1,10,7039.125,2
37240,1998,1947,1,1,3,12,22392,2
20922,1987,1965,0,1,5,14,2000,2
49165,2006,1976,0,1,5,15,18476.25,4
27469,1991,1960,1,1,1,17,418,NA
9847,1978,1940,1,1,1,11,3619,NA
29239,1993,1951,1,3,1,15,4323,NA
31931,1994,1949,0,1,1,15,24830,2
11253,1980,1928,0,2,3,12,16994,4
24913,1990,1940,1,2,1,16,28830,3
21059,1987,1939,0,1,1,12,55000,3
13787,1982,1958,0,2,5,14,603,3
39690,2000,1973,1,1,5,14,10806,3
11364,1980,1945,0,1,1,16,13595,4
35869,1998,1938,1,2,1,14,18947,3
47576,2006,1976,0,1,1,17,2558.25,4
29009,1993,1969,0,1,1,11,12773,NA
36897,1998,1961,1,1,5,16,25837,4
37510,1998,1964,0,1,5,12,3789,3
13811,1982,1931,0,2,5,14,36167,3
15564,1983,1930,0,1,5,14,12779,NA
18164,1985,1924,0,1,1,13,44863,4
37209,1998,1964,0,1,1,18,37895,3
34355,1996,1957,1,3,1,10,1450,4
8940,1977,1935,0,1,1,10,17335,3
6960,1976,1956,1,1,5,12,13242,3
13701,1982,1950,1,2,1,18,13563,3
11088,1980,1916,1,1,2,12,16994,4
24346,1989,1950,0,1,1,16,25511,4
51396,2008,1968,1,2,1,13,4016.25,NA
11054,1980,1928,1,1,3,14,20770,2
41361,2002,1960,1,1,5,16,34413.5,3
9071,1977,1955,0,1,1,8,8667,3
43057,2002,1980,0,1,1,11,14860.375,4
44392,2004,1974,1,2,1,12,19623.5,4
20749,1987,1959,0,2,5,12,13750,4
41464,2002,1953,1,1,1,15,34413.5,4
47328,2006,1987,0,1,5,9,284.25,3
30316,1994,1947,0,1,2,14,34380,NA
7519,1976,1955,1,1,1,12,4074,4
29262,1993,1962,0,1,1,15,25545,NA
14391,1983,1927,0,1,1,8,26411,NA
53428,2010,1972,1,1,3,15,19425,NA
30017,1994,1966,0,1,5,9,10505,NA
13986,1983,1927,0,1,1,7,26411,NA
30138,1994,1938,1,1,1,16,3438,4
31938,1994,1952,1,1,5,12,14325,4
50934,2006,1964,0,2,1,12,15633.75,NA
16938,1984,1959,1,1,1,16,20635,3
12428,1982,1934,1,2,3,7,2411,2
44738,2004,1956,1,1,3,15,14340.25,NA
3389,1974,1918,0,1,1,18,96450,4
29563,1994,1964,1,1,5,16,34380,4
52136,2008,1953,1,2,1,12,17403.75,2
22569,1988,1949,1,1,1,16,10857,NA
4598,1974,1898,0,1,5,9,8636,2
20327,1987,1950,1,1,3,16,21250,2
49680,2006,1977,1,1,1,15,7816.875,2
32157,1994,1960,1,1,3,12,6876,2
17482,1985,1939,1,1,1,12,17154,4
40995,2002,1975,1,1,5,14,3441.35,3
39117,2000,1944,1,1,3,12,21612,NA
13173,1982,1936,1,1,1,12,2411,3
19531,1986,1951,1,1,1,20,14015,NA
48699,2006,1943,0,3,1,20,1137,NA
17177,1985,1909,1,1,2,12,9500,2
16846,1984,1954,1,2,1,16,17884,3
36981,1998,1962,1,1,3,13,9473,2
13551,1982,1922,0,1,5,12,13563,3
36301,1998,1953,1,3,1,16,31005,4
5198,1975,1932,1,1,3,16,16676,4
51673,2008,1986,0,1,1,15,44178.75,NA
54619,2010,1979,0,3,1,13,34965,2
51747,2008,1964,1,1,1,12,267.75,1
13623,1982,1961,0,1,1,12,5425,3
19765,1986,1962,1,1,1,13,4587,NA
25462,1990,1954,1,1,1,14,14415,4
39842,2000,1964,1,1,5,11,4987,NA
26493,1991,1962,1,1,5,18,22980,NA
26269,1991,1965,1,1,5,20,17757,3
11274,1980,1947,1,1,3,10,9819,3
9816,1978,1951,0,1,1,16,29402,NA
38744,2000,1965,0,3,1,16,29925,4
30970,1994,1960,1,1,5,13,17954,4
18759,1986,1960,1,2,1,14,11466,NA
41015,2002,1964,1,1,1,14,20335.25,NA
7760,1977,1928,0,1,1,20,72229,3
21811,1987,1968,1,2,5,12,2000,3
22280,1988,1944,1,1,4,18,10857,3
9057,1977,1924,0,1,1,7,72229,1
31481,1994,1952,0,1,1,13,28650,3
37967,1998,1958,1,1,1,9,2411,3
45872,2004,1949,1,1,1,15,33209,4
17221,1985,1955,1,1,1,12,11876,3
21312,1987,1964,0,1,1,12,9000,3
33309,1996,1964,1,2,1,12,8156,4
31580,1994,1962,0,1,5,16,24830,3
52587,2008,1952,0,1,1,15,29452.5,2
9861,1978,1914,1,1,2,11,3619,NA
35010,1996,1943,0,1,1,7,39875,2
44995,2004,1961,1,1,1,19,134008.44,3
20557,1987,1958,1,1,5,17,16250,4
51265,2008,1973,0,1,1,12,36146.25,NA
24691,1989,1959,0,1,1,12,17394,4
38984,2000,1948,0,1,5,8,7481,3
7902,1977,1942,0,1,1,12,31299,4
20940,1987,1959,0,2,1,16,23750,3
49705,2006,1965,0,1,1,16,56850,NA
45325,2004,1942,1,1,1,19,4528.5,NA
33212,1996,1936,1,1,2,12,9969,3
4910,1975,1914,1,1,1,12,20011,2
48056,2006,1971,0,2,1,14,46901.25,4
29957,1994,1933,0,1,3,12,21010,2
20038,1986,1963,0,1,5,15,510,NA
46659,2006,1975,1,1,5,16,7816.875,3
15035,1983,1922,0,1,1,10,15619,NA
49221,2006,1935,0,3,1,20,38373.75,NA
53685,2010,1982,1,1,1,12,8417.5,3
51324,2008,1982,1,2,5,11,3480.75,NA
34385,1996,1969,1,1,1,16,19938,4
52828,2008,1971,1,1,3,15,24097.5,3
5877,1975,1923,0,1,1,12,16676,2
48743,2006,1960,1,1,1,16,159292.27,4
5841,1975,1946,0,1,1,14,27793,4
38322,2000,1970,0,1,4,19,134018,3
21896,1988,1964,1,1,1,12,1930,3
43534,2002,1955,0,1,1,14,42234.75,3
37999,1998,1970,1,1,4,12,4478,3
43365,2002,1943,1,1,1,12,312.85,NA
13643,1982,1927,0,2,1,14,36167,4
6938,1976,1926,0,2,1,12,13242,2
4733,1975,1935,1,1,1,16,16676,4
30584,1994,1960,1,2,5,12,28650,3
24838,1989,1956,0,1,1,15,41746,4
27858,1993,1923,1,2,2,12,8843,4
48499,2006,1934,0,1,2,20,4263.75,4
36999,1998,1958,1,1,1,12,5167,4
41443,2002,1947,0,2,1,15,20335.25,1
6784,1976,1951,0,1,1,12,18335,4
39791,2000,1950,1,1,2,12,21612,4
28950,1993,1926,1,1,1,16,18471,3
32420,1996,1959,1,2,5,16,17038,3
11481,1980,1961,0,1,5,11,755,4
53324,2010,1982,0,2,4,15,28490,3
24730,1989,1956,0,1,1,13,15075,4
29732,1994,1948,0,2,1,12,14325,3
50063,2006,1958,1,1,1,13,6395.625,NA
23930,1989,1956,1,1,1,13,12756,NA
31236,1994,1960,0,1,5,15,42020,NA
18467,1985,1919,0,1,1,12,44863,3
53080,2010,1926,1,1,3,16,2331,4
20373,1987,1951,1,1,1,12,3500,3
30015,1994,1974,0,1,5,11,1528,3
39424,2000,1958,1,1,3,14,24937,3
47495,2006,1966,1,1,1,16,1137,4
20623,1987,1919,0,2,1,14,21250,3
25298,1990,1943,0,1,1,12,21068,3
21116,1987,1930,0,1,1,16,32500,3
31617,1994,1961,0,1,5,14,21010,NA
14005,1983,1922,0,1,1,16,81266,NA
11238,1980,1927,0,1,1,7,32100,3
36424,1998,1924,0,1,1,16,22392,3
35609,1998,1943,0,1,1,15,56842,3
37731,1998,1962,1,1,1,12,14641,4
25110,1990,1938,0,1,1,19,28830,3
29157,1993,1943,1,1,4,13,7074,2
35873,1998,1946,1,1,3,17,37895,4
27751,1991,1964,0,1,1,12,9401,NA
38179,2000,1973,1,2,5,16,21612,3
35988,1998,1978,0,1,5,12,345,4
54432,2010,1991,0,1,5,13,3367,3
20616,1987,1929,1,1,1,16,2000,3
47322,2006,1956,1,1,1,16,6395.625,3
3948,1974,1926,0,1,1,16,96450,4
28633,1993,1951,0,1,1,15,14738,NA
9210,1978,1946,0,1,5,14,33926,NA
17602,1985,1957,0,1,3,12,24543,2
19188,1986,1962,0,1,5,16,16563,NA
37860,1998,1961,1,2,3,12,22392,3
21009,1987,1959,1,1,5,15,37500,4
25405,1990,1931,0,1,1,12,28830,4
32109,1994,1948,0,1,1,14,24830,3
46959,2006,1977,0,1,1,16,25582.5,4
36863,1998,1951,1,1,1,14,16363,4
24787,1989,1965,1,1,1,16,10436,3
43907,2004,1963,1,2,5,13,8302.25,3
31694,1994,1947,1,1,1,9,6876,NA
9385,1978,1954,1,1,5,14,24879,NA
14219,1983,1930,0,1,1,18,48277,NA
16089,1984,1937,1,2,1,11,8254,3
11166,1980,1955,1,1,1,13,13595,4
19010,1986,1954,1,1,1,12,9173,NA
36684,1998,1940,1,2,1,18,18947,2
44115,2004,1975,0,3,1,5,16604.5,NA
43042,2002,1939,0,1,1,8,7039.125,2
21328,1987,1938,0,1,3,12,32500,2
11804,1980,1928,1,1,1,12,16994,4
8550,1977,1922,1,1,1,16,14446,3
11935,1980,1956,0,1,5,12,20770,4
24273,1989,1952,0,1,1,8,30150,3
39140,2000,1975,0,1,1,14,9143,3
25090,1990,1954,1,2,2,12,24395,3
33793,1996,1964,1,1,5,11,6525,4
10673,1980,1956,1,2,5,15,16994,2
46255,2004,1979,1,1,5,14,8302.25,NA
53910,2010,1980,0,1,1,15,19425,3
28286,1993,1930,0,1,1,17,100496,4
41287,2002,1965,1,1,4,14,17206.75,NA
18869,1986,1939,0,1,1,12,24207,NA
39527,2000,1966,1,2,1,12,21612,2
24318,1989,1953,0,1,1,14,34788,4
53816,2010,1974,0,1,1,14,34965,3
10857,1980,1958,0,1,5,14,9819,4
48419,2006,1984,0,1,3,13,9238.125,4
43651,2002,1961,0,1,3,9,2189.95,3
46430,2004,1944,0,1,1,16,134008.44,NA
54430,2010,1988,1,1,5,15,3885,3
18669,1986,1926,0,1,1,16,28029,NA
48567,2006,1984,1,1,5,15,3126.75,4
35053,1996,1959,1,1,1,17,17038,3
41866,2002,1948,1,3,1,11,1251.4,2
20873,1987,1928,0,1,1,10,23750,4
54025,2010,1984,0,1,1,7,11007.5,3
9666,1978,1939,1,1,1,13,20355,NA
18531,1985,1960,1,1,5,14,5806,3
48067,2006,1952,0,1,5,12,12080.625,2
28652,1993,1946,1,1,1,11,14738,NA
33938,1996,1965,1,1,1,14,8156,3
14639,1983,1956,1,3,1,12,5112,NA
33199,1996,1966,0,1,1,12,11781,3
44598,2004,1976,1,3,5,16,19623.5,NA
26645,1991,1957,0,1,1,14,17757,NA
39646,2000,1931,0,1,1,19,134018,3
51231,2008,1979,1,1,5,20,7363.125,4
12557,1982,1957,0,1,1,12,25619,3
30105,1994,1951,1,2,1,11,12415,3
34467,1996,1962,1,1,1,14,1450,4
45036,2004,1953,0,1,3,13,134008.44,NA
52364,2008,1957,1,1,1,13,7363.125,3
36200,1998,1957,1,1,1,10,1378,3
25841,1990,1961,0,1,1,12,28830,4
30762,1994,1953,0,2,3,18,34380,4
10541,1978,1923,1,1,1,12,9952,NA
16421,1984,1940,0,1,1,16,46773,4
44820,2004,1953,0,1,5,14,27171,2
39635,2000,1962,1,1,1,13,333,NA
17735,1985,1965,1,1,3,12,3695,3
9714,1978,1945,1,1,1,17,20355,NA
30502,1994,1960,1,1,1,13,24830,3
34534,1996,1942,1,2,1,8,13594,2
15130,1983,1939,1,1,1,12,15619,NA
